time_s,meas_cm_s
0.13646483421325684,0.0
0.13646483421325684,0.0
0.13646483421325684,0.0
0.13646483421325684,0.0
0.13646483421325684,0.0
0.13646483421325684,0.0
0.13646483421325684,0.0
0.13646483421325684,0.0
0.13646483421325684,0.0
0.13646483421325684,0.0
0.13646483421325684,0.0
0.13646483421325684,0.0
0.13646483421325684,0.0
0.13646483421325684,0.0
0.13646483421325684,0.0
0.13646483421325684,0.0
0.13646483421325684,0.0
0.13646483421325684,0.0
0.13646483421325684,0.0
0.13646483421325684,0.0
0.13646483421325684,0.0
0.13646483421325684,0.0
0.13646483421325684,0.0
0.13646483421325684,0.0
0.13646483421325684,0.0
0.13646483421325684,0.0
0.13646483421325684,0.0
0.13646483421325684,0.0
0.13646483421325684,0.0
0.13646483421325684,0.0
0.13646483421325684,0.0
0.13646483421325684,0.0
0.13646483421325684,0.0
0.13646483421325684,0.0
0.13646483421325684,-0.031
0.13646483421325684,-0.031
0.13646483421325684,-0.031
0.13646483421325684,-0.031
0.13646483421325684,-0.031
0.13646483421325684,-0.031
0.13646483421325684,-0.031
0.13646483421325684,-0.031
0.13646483421325684,-0.031
0.13646483421325684,-0.031
0.13646483421325684,-0.031
0.14708805084228516,-0.031
0.17237544059753418,-0.031
0.2036278247833252,3.209
0.23628640174865723,42.872
0.23628640174865723,46.584
0.2684440612792969,47.01
0.2684440612792969,47.01
0.29971861839294434,46.639
0.33176183700561523,46.639
0.33176183700561523,46.985
0.36387157440185547,46.985
0.39568519592285156,46.456
0.39568519592285156,48.303
0.4283127784729004,46.675
0.45972299575805664,48.42
0.45972299575805664,48.42
0.4922945499420166,47.121
0.5239169597625732,46.982
0.5239169597625732,47.47
0.5563974380493164,48.578
0.588395357131958,47.253
0.588395357131958,48.057
0.6202144622802734,48.708
0.6515147686004639,47.47
0.6515147686004639,46.522
0.6843836307525635,48.593
0.6843836307525635,47.556
0.7178549766540527,48.124
0.7482845783233643,47.388
0.7482845783233643,47.16
0.7795608043670654,47.16
0.8115150928497314,47.388
0.8115150928497314,47.388
0.8437972068786621,47.198
0.8763895034790039,46.856
0.8763895034790039,47.16
0.9083383083343506,46.848
0.9399654865264893,47.312
0.9399654865264893,48.514
0.972264289855957,48.089
1.0036036968231201,48.089
1.0036036968231201,46.853
1.0363762378692627,47.765
1.0363762378692627,46.513
1.06842041015625,45.875
1.1000676155090332,48.994
1.1000676155090332,47.218
1.1322205066680908,47.68
1.1639890670776367,49.385
1.1639890670776367,47.658
1.1956441402435303,47.904
1.227909803390503,48.328
1.227909803390503,49.172
1.2605161666870117,48.025
1.2923297882080078,47.494
1.2923297882080078,48.078
1.3241462707519531,48.078
1.3557465076446533,48.078
1.3557465076446533,49.346
1.3874645233154297,47.551
1.4203801155090332,47.479
1.4203801155090332,48.511
1.452141284942627,47.688
1.452141284942627,47.208
1.4845473766326904,47.551
1.5181968212127686,47.551
1.5181968212127686,47.551
1.5483980178833008,47.451
1.5802102088928223,47.451
1.5802102088928223,46.809
1.6121490001678467,46.614
1.643763780593872,49.155
1.643763780593872,47.315
1.6760571002960205,47.14
1.7075858116149902,47.14
1.7075858116149902,47.403
1.7404332160949707,47.26
1.7722179889678955,47.26
1.7722179889678955,47.26
1.803945541381836,46.677
1.803945541381836,45.957
1.8356921672821045,47.698
1.8681538105010986,47.777
1.8681538105010986,46.279
1.9000670909881592,48.403
1.9323456287384033,48.187
1.9323456287384033,47.304
1.963921308517456,47.304
1.99613356590271,47.846
1.99613356590271,48.659
2.028218984603882,46.958
2.0597875118255615,47.846
2.0597875118255615,48.536
2.092170000076294,47.219
2.1239712238311768,49.301
2.1239712238311768,47.585
2.1557514667510986,47.022
2.1882057189941406,47.559
2.1882057189941406,47.878
2.2200398445129395,47.521
2.2200398445129395,47.521
2.252044439315796,48.131
2.2837648391723633,48.267
2.2837648391723633,47.559
2.318251609802246,48.162
2.347618341445923,48.319
2.347618341445923,48.215
2.380145311355591,48.215
2.4118151664733887,48.215
2.4118151664733887,48.404
2.444108009338379,48.258
2.476485013961792,48.258
2.476485013961792,49.023
2.507730484008789,48.258
2.5401265621185303,48.258
2.5401265621185303,47.902
2.572084903717041,46.641
2.572084903717041,48.508
2.6043362617492676,48.508
2.6363120079040527,48.249
2.6363120079040527,47.65
2.667635917663574,47.434
2.7004613876342773,47.75
2.7004613876342773,47.75
2.731692314147949,46.062
2.763765335083008,47.804
2.763765335083008,46.542
2.7957770824432373,47.21
2.8276822566986084,47.382
2.8276822566986084,46.733
2.8603830337524414,46.431
2.8603830337524414,47.329
2.8920669555664062,47.653
2.9244906902313232,47.332
2.9244906902313232,47.225
2.9555933475494385,47.329
2.987942934036255,46.589
2.987942934036255,46.503
3.019463062286377,49.2
3.0517189502716064,47.049
3.0517189502716064,48.249
3.0845680236816406,48.351
3.1178908348083496,47.595
3.1178908348083496,46.538
3.1480307579040527,47.166
3.1803133487701416,48.031
3.1803133487701416,46.159
3.212367534637451,45.447
3.212367534637451,48.591
3.2439465522766113,46.876
3.275866985321045,46.628
3.275866985321045,48.197
3.308077573776245,46.485
3.340425968170166,47.058
3.340425968170166,47.974
3.372468948364258,47.188
3.4041268825531006,47.188
3.4041268825531006,46.715
3.436509847640991,47.188
3.4679083824157715,48.313
3.4679083824157715,47.154
3.5001842975616455,47.247
3.532477855682373,47.247
3.532477855682373,46.894
3.5637669563293457,48.416
3.5637669563293457,47.861
3.5965640544891357,48.258
3.6284046173095703,47.197
3.6284046173095703,48.122
3.6600024700164795,48.044
3.6917779445648193,48.044
3.6917779445648193,48.044
3.723958969116211,47.479
3.7555243968963623,46.875
3.7555243968963623,50.143
3.7884867191314697,47.849
3.820220470428467,46.622
3.820220470428467,47.68
3.852058172225952,48.657
3.8837108612060547,49.165
3.8837108612060547,47.514
3.918374538421631,49.614
3.918374538421631,47.073
3.947840690612793,45.435
3.9797120094299316,48.765
3.9797120094299316,46.876
4.012369394302368,46.619
4.043699502944946,48.236
4.043699502944946,47.788
4.076493263244629,47.512
4.107433319091797,46.68
4.107433319091797,48.894
4.140310287475586,48.519
4.172333240509033,46.006
4.172333240509033,48.871
4.203565359115601,48.436
4.235591173171997,48.436
4.235591173171997,49.078
4.268207788467407,48.341
4.268207788467407,48.001
4.299732446670532,48.341
4.332341432571411,46.911
4.332341432571411,48.75
4.3645665645599365,45.816
4.396364450454712,47.066
4.396364450454712,47.947
4.428374528884888,46.495
4.460331201553345,48.693
4.460331201553345,47.51
4.491788864135742,46.753
4.524266481399536,47.494
4.524266481399536,47.654
4.5564353466033936,48.111
4.588115692138672,46.801
4.588115692138672,47.519
4.620467901229858,47.85
4.620467901229858,46.786
4.652478456497192,48.005
4.684336423873901,48.799
4.684336423873901,47.651
4.71806263923645,47.85
4.748484134674072,47.762
4.748484134674072,47.275
4.779587030410767,47.018
4.812284231185913,47.44
4.812284231185913,48.67
4.844375133514404,47.003
4.875733137130737,47.98
4.875733137130737,48.706
4.9083333015441895,46.605
4.940185546875,47.44
4.940185546875,47.003
4.9719860553741455,46.605
4.9719860553741455,41.03
5.004023313522339,25.853
5.0360729694366455,-39.131
5.0360729694366455,-43.692
5.067587614059448,-44.757
5.100360631942749,-46.642
5.100360631942749,-47.429
5.13191294670105,-46.523
5.163904190063477,-48.725
5.163904190063477,-47.55
5.196282863616943,-46.312
5.227934122085571,-48.765
5.227934122085571,-47.352
5.259934663772583,-47.808
5.292229890823364,-47.995
5.292229890823364,-48.213
5.323811054229736,-47.611
5.323811054229736,-47.808
5.356184720993042,-48.493
5.387495040893555,-48.586
5.387495040893555,-47.119
5.4197070598602295,-49.875
5.451714277267456,-47.792
5.451714277267456,-46.877
5.484050989151001,-47.733
5.517688989639282,-47.288
5.517688989639282,-48.336
5.54834508895874,-47.438
5.580458164215088,-48.715
5.580458164215088,-47.374
5.612070083618164,-47.374
5.643931865692139,-47.257
5.643931865692139,-46.777
5.676498174667358,-47.257
5.676498174667358,-48.926
5.708561658859253,-48.426
5.740490198135376,-48.221
5.740490198135376,-46.92
5.771724462509155,-47.461
5.8039422035217285,-48.711
5.8039422035217285,-48.269
5.8360161781311035,-49.127
5.868371486663818,-48.451
5.868371486663818,-48.269
5.900004625320435,-47.737
5.931651592254639,-47.526
5.931651592254639,-46.569
5.963967561721802,-48.598
5.996084213256836,-48.203
5.996084213256836,-48.369
6.028085947036743,-46.628
6.059921979904175,-48.009
6.059921979904175,-48.009
6.091970443725586,-48.009
6.091970443725586,-48.009
6.124258756637573,-47.435
6.156332492828369,-46.117
6.156332492828369,-47.882
6.1879425048828125,-46.618
6.219628095626831,-47.866
6.219628095626831,-48.908
6.251751184463501,-47.562
6.284032583236694,-49.042
6.284032583236694,-46.248
6.317409038543701,-47.737
6.34792160987854,-48.494
6.34792160987854,-45.444
6.380149602890015,-48.726
6.411621570587158,-48.225
6.411621570587158,-46.797
6.443730592727661,-46.686
6.475667953491211,-47.179
6.475667953491211,-47.096
6.508488178253174,-47.668
6.508488178253174,-47.668
6.5400550365448,-47.179
6.572270631790161,-46.061
6.572270631790161,-47.179
6.604501962661743,-49.582
6.636054039001465,-46.636
6.636054039001465,-49.107
6.667634010314941,-48.694
6.700252294540405,-48.601
6.700252294540405,-47.693
6.732008695602417,-47.268
6.764458417892456,-48.268
6.764458417892456,-46.625
6.796118497848511,-46.343
6.796118497848511,-49.205
6.827608108520508,-46.595
6.8599278926849365,-46.802
6.8599278926849365,-46.802
6.892096281051636,-46.659
6.924306154251099,-46.802
6.924306154251099,-47.83
6.955824375152588,-47.83
6.987965822219849,-46.42
6.987965822219849,-45.78
7.020003795623779,-48.549
7.051420211791992,-47.788
7.051420211791992,-48.111
7.084035158157349,-49.633
7.084035158157349,-47.794
7.117329120635986,-47.087
7.14777135848999,-47.252
7.14777135848999,-47.149
7.1798295974731445,-47.502
7.21176290512085,-47.755
7.21176290512085,-47.502
7.244429588317871,-47.133
7.276208162307739,-47.252
7.276208162307739,-47.502
7.307972192764282,-46.609
7.339600324630737,-46.947
7.339600324630737,-48.766
7.371789455413818,-47.54
7.403890132904053,-47.272
7.403890132904053,-47.632
7.435888290405273,-47.375
7.435888290405273,-48.011
7.467482328414917,-47.313
7.4999611377716064,-47.54
7.4999611377716064,-48.281
7.531996965408325,-47.632
7.564080476760864,-48.573
7.564080476760864,-47.409
7.595823049545288,-48.457
7.627724647521973,-49.353
7.627724647521973,-48.163
7.660338878631592,-47.885
7.691972255706787,-48.163
7.691972255706787,-47.966
7.723753213882446,-48.164
7.755626201629639,-47.966
7.755626201629639,-47.966
7.788370132446289,-47.516
7.788370132446289,-46.773
7.820119619369507,-48.29
7.852014541625977,-47.109
7.852014541625977,-47.968
7.8845086097717285,-48.734
7.917381525039673,-47.612
7.917381525039673,-47.485
7.947844743728638,-46.107
7.980008125305176,-47.176
7.980008125305176,-47.619
8.012407064437866,-47.485
8.043596982955933,-47.485
8.043596982955933,-47.34
8.075673818588257,-46.614
8.108155012130737,-46.805
8.108155012130737,-47.16
8.13994550704956,-48.723
8.13994550704956,-47.425
8.17191457748413,-47.425
8.20426630973816,-47.739
8.20426630973816,-47.425
8.2358980178833,-47.566
8.267977237701416,-47.286
8.267977237701416,-47.425
8.300431966781616,-47.425
8.331711292266846,-47.668
8.331711292266846,-47.285
8.364084005355835,-46.737
8.396020889282227,-46.631
8.396020889282227,-48.345
8.427708387374878,-46.961
8.459843158721924,-48.092
8.459843158721924,-48.874
8.491735458374023,-46.251
8.524478197097778,-47.903
8.524478197097778,-47.588
8.556410312652588,-46.253
8.556410312652588,-48.463
8.588030338287354,-47.35
8.62010407447815,-47.894
8.62010407447815,-47.588
8.652253866195679,-45.882
8.683829545974731,-48.233
8.683829545974731,-46.592
8.718435764312744,-48.102
8.718435764312744,-49.798
8.748104810714722,-46.945
8.780239343643188,-46.945
8.811921119689941,-47.922
8.811921119689941,-46.77
8.843653917312622,-47.79
8.843653917312622,-47.98
8.876348495483398,-49.576
8.907953977584839,-47.117
8.907953977584839,-47.79
8.939628839492798,-48.089
8.972492933273315,-47.79
8.972492933273315,-46.599
9.004061937332153,-49.068
9.036149024963379,-46.519
9.036149024963379,-47.472
9.068155527114868,-47.081
9.0998854637146,-47.652
9.0998854637146,-48.091
9.132294654846191,-46.849
9.1644127368927,-47.472
9.1644127368927,-47.999
9.196350336074829,-46.297
9.196350336074829,-48.43
9.227807760238647,-46.43
9.259710788726807,-48.203
9.259710788726807,-48.471
9.292376041412354,-47.903
9.323904752731323,-47.779
9.323904752731323,-47.903
9.356365203857422,-47.43
9.387590885162354,-47.43
9.387590885162354,-47.43
9.419812440872192,-47.43
9.452070236206055,-47.83
9.452070236206055,-46.375
9.483705759048462,-48.287
9.517688989639282,-46.155
9.517688989639282,-47.552
9.547691106796265,-48.655
9.580196857452393,-48.655
9.580196857452393,-47.902
9.612493515014648,-47.902
9.612493515014648,-48.254
9.64434027671814,-47.101
9.67566466331482,-46.038
9.67566466331482,-49.206
9.707659482955933,-46.715
9.740304231643677,-46.715
9.740304231643677,-46.715
9.77231240272522,-46.038
9.80408000946045,-8.524
9.80408000946045,-4.73
9.83643364906311,-2.571
9.867687702178955,-1.397
9.867687702178955,-0.76
9.900352239608765,-0.422
9.900352239608765,-0.234
9.931839942932129,-0.127
9.963787078857422,-0.127
9.963787078857422,-0.038
9.996475219726562,-0.038
10.0279221534729,-0.038
10.0279221534729,-0.038
10.060454368591309,-0.038
10.091987371444702,-0.038
10.091987371444702,-0.038
10.124282121658325,-0.038
10.15579605102539,-0.038
10.15579605102539,-0.038
10.188180685043335,-0.038
10.188180685043335,-0.038
10.219823837280273,-0.038
10.251932144165039,-0.038
10.251932144165039,-0.038
10.284379720687866,-0.038
10.317560195922852,-0.038
10.317560195922852,-0.038
10.348562717437744,-0.038
10.380003213882446,-0.038
10.380003213882446,-0.038
10.41232967376709,-0.038
10.444531440734863,-0.038
10.444531440734863,-0.038
10.476033687591553,-0.038
10.50772738456726,-0.038
10.50772738456726,-0.038
10.54025149345398,-0.038
10.57199740409851,-0.038
10.57199740409851,-0.038
10.603820562362671,-0.038
10.603820562362671,-0.038
10.636215686798096,-0.038
10.668288469314575,-0.038
10.668288469314575,-0.038
10.69982099533081,-0.038
10.731889724731445,-0.038
10.731889724731445,-0.038
10.764411449432373,-0.038
10.796458005905151,-0.038
10.796458005905151,-0.038
10.828243255615234,-0.038
10.85959792137146,-0.038
10.85959792137146,-0.038
10.89167046546936,-0.038
10.89167046546936,-0.038
10.92427110671997,-0.038
10.955557107925415,-0.038
10.955557107925415,-0.038
10.988102436065674,-0.038
11.019836187362671,-0.038
11.019836187362671,-0.038
11.052081108093262,-0.038
11.083716869354248,-0.038
11.083716869354248,-0.038
11.118399381637573,-0.038
11.118399381637573,-0.038
11.147907972335815,-0.038
11.180253267288208,-0.038
11.21215009689331,-0.038
11.21215009689331,-0.038
11.243776798248291,-0.038
11.243776798248291,-0.038
11.27590036392212,-0.038
11.308408737182617,-0.038
11.308408737182617,-0.038
11.339772701263428,-0.038
11.371540546417236,-0.038
11.371540546417236,-0.038
11.403687238693237,-0.038
11.436449766159058,-0.038
11.436449766159058,-0.038
11.467462301254272,-0.038
11.499650478363037,-0.038
11.499650478363037,-0.038
11.53258490562439,-0.038
11.53258490562439,-0.038
11.563777685165405,-0.038
11.596224308013916,-0.038
11.596224308013916,-0.038
11.62783670425415,-0.038
11.659661769866943,-0.038
11.659661769866943,-0.038
11.69250226020813,-0.038
11.723777055740356,-0.038
11.723777055740356,-0.038
11.756108283996582,-0.038
11.787729978561401,-0.038
11.787729978561401,-0.038
11.819707155227661,-0.038
11.852501392364502,-0.038
11.852501392364502,-0.038
11.884479999542236,-0.038
11.91773772239685,-0.038
11.91773772239685,-0.038
11.947702884674072,-0.038
11.947702884674072,-0.038
11.97969102859497,-0.038
12.012048721313477,-0.038
12.012048721313477,-0.038
12.044159889221191,-0.038
12.075689792633057,-0.038
12.075689792633057,-0.038
12.107977390289307,-0.038
12.140372514724731,-0.038
12.140372514724731,-0.038
12.171590328216553,-0.038
12.20411491394043,-0.038
12.20411491394043,-0.038
12.236528635025024,-0.038
12.26821756362915,-0.038
12.26821756362915,-0.038
12.299878120422363,-0.038
12.299878120422363,-0.038
12.33241891860962,-0.038
12.363716840744019,-0.038
12.363716840744019,-0.038
12.396078109741211,-0.038
12.428353309631348,-0.038
12.428353309631348,-0.038
12.460170984268188,-0.038
12.49211072921753,-0.038
12.49211072921753,-0.038
12.523979187011719,-0.038
12.555717468261719,-0.038
12.555717468261719,-0.038
12.587825298309326,-0.038
12.620198726654053,-0.038
12.620198726654053,-0.038
12.652321577072144,-0.038
12.652321577072144,-0.038
12.68368124961853,-0.038
12.718042135238647,-0.038
12.718042135238647,-0.038
12.747848749160767,-0.038
12.780271053314209,-0.038
12.780271053314209,-0.038
12.811577558517456,-0.038
12.843818187713623,-0.038
12.843818187713623,-0.038
12.876031875610352,-0.038
12.908330917358398,-0.038
12.908330917358398,-0.038
12.939642429351807,-0.038
12.97157073020935,-0.038
12.97157073020935,-0.038
13.003679513931274,-0.038
13.003679513931274,-0.038
13.035792589187622,-0.038
13.068193435668945,-0.038
13.068193435668945,-0.038
13.099906921386719,-0.038
13.132359981536865,-0.038
13.132359981536865,-0.038
13.164350509643555,-0.038
13.19614291191101,-0.038
13.19614291191101,-0.038
13.227853059768677,-0.038
13.260498046875,-0.038
13.260498046875,-0.038
13.292094945907593,-0.038
13.324051141738892,-0.038
13.324051141738892,-0.038
13.356016874313354,-0.038
13.356016874313354,-0.038
13.388354063034058,-0.038
13.419821500778198,-0.038
13.419821500778198,-0.038
13.451864957809448,-0.038
13.48406171798706,-0.038
13.48406171798706,-0.038
13.517441511154175,-0.038
13.548105001449585,-0.038
13.548105001449585,-0.038
13.579626083374023,-0.038
13.611671686172485,-0.038
13.611671686172485,-0.038
13.644413709640503,-0.038
13.675832748413086,-0.038
13.675832748413086,-0.038
13.708354473114014,-0.038
13.708354473114014,-0.038
13.7404944896698,-0.038
13.772368431091309,-0.038
13.772368431091309,-0.038
13.804178476333618,-0.038
13.835741996765137,-0.038
13.835741996765137,-0.038
13.867672681808472,-0.038
13.899858236312866,-0.038
13.899858236312866,-0.038
13.932034730911255,-0.038
13.96386170387268,-0.038
13.96386170387268,-0.038
13.996469259262085,-0.038
14.028462648391724,-0.038
14.028462648391724,-0.038
14.060250282287598,-0.038
14.060250282287598,-0.038
14.092157363891602,-0.038
14.123717546463013,-0.038
14.123717546463013,-0.038
14.155761480331421,-0.038
14.188254117965698,-0.038
14.188254117965698,-0.038
14.220098972320557,-0.038
14.25143575668335,-0.038
14.25143575668335,-0.038
14.283649444580078,-0.038
14.317307233810425,-0.038
14.317307233810425,-0.038
14.348301649093628,-0.038
14.37998652458191,-0.038
14.37998652458191,-0.038
14.411540031433105,-0.038
14.443673372268677,-0.038
14.443673372268677,-0.038
14.475661516189575,-0.038
14.475661516189575,-0.038
14.50809097290039,-0.038
14.540398359298706,-0.038
14.540398359298706,-0.038
14.572012901306152,-0.038
14.603490352630615,-0.038
14.603490352630615,-0.038
14.63587999343872,-0.038
14.668954849243164,-0.038
14.668954849243164,-0.038
14.699920654296875,-0.038
14.732561826705933,-0.038
14.732561826705933,-0.038
14.764177560806274,-0.038
14.764177560806274,-0.038
14.795865774154663,-0.038
14.828115940093994,-0.038
14.828115940093994,-0.038
14.859904527664185,-0.038
14.891666412353516,-0.038
14.891666412353516,-0.038
14.924043655395508,-0.038
14.95638918876648,-0.038
14.95638918876648,-0.038
14.988230466842651,-0.038
15.020398616790771,-0.038
15.020398616790771,-0.038
15.051995992660522,-0.038
15.083884477615356,-0.038
15.083884477615356,-0.038
15.118072271347046,-0.038
15.118072271347046,-0.038
15.148254871368408,-0.038
15.180207014083862,-0.038
15.180207014083862,-0.038
15.212210893630981,-0.038
15.244285106658936,-0.038
15.244285106658936,-0.038
15.27591848373413,-0.038
15.307671308517456,-0.038
15.307671308517456,-0.038
15.340402603149414,-0.038
15.371981143951416,-0.038
15.371981143951416,-0.038
15.403576850891113,-0.038
15.436503648757935,-0.038
15.436503648757935,-0.038
15.468088626861572,-0.038
15.468088626861572,-0.038
15.499845027923584,-0.038
15.531538486480713,-0.038
15.531538486480713,-0.038
15.564113140106201,-0.038
15.596295833587646,-0.038
15.596295833587646,-0.038
15.628501415252686,-0.038
15.65978717803955,-0.038
15.65978717803955,-0.038
15.69197154045105,-0.038
15.724508285522461,-0.038
15.724508285522461,-0.038
15.756271123886108,-0.038
15.788121700286865,-0.038
15.788121700286865,-0.038
15.819602966308594,-0.038
15.851598739624023,-0.038
15.851598739624023,-0.038
15.884379148483276,-0.038
15.884379148483276,-0.038
15.917802572250366,-0.038
15.948355913162231,-0.038
15.948355913162231,-0.038
15.979746341705322,-0.038
16.011523008346558,-0.038
16.011523008346558,-0.038
16.044501066207886,-0.038
16.07554531097412,-0.038
16.07554531097412,-0.038
16.10800004005432,-0.038
16.140382528305054,-0.038
16.140382528305054,-0.038
16.172316074371338,-0.038
16.20394468307495,-0.038
16.20394468307495,-0.038
16.235546588897705,-0.038
16.267731189727783,-0.038
16.267731189727783,-0.038
16.300402641296387,38.014
16.300402641296387,39.942
16.332035064697266,38.077
16.363633155822754,39.567
16.363633155822754,41.795
16.395609617233276,39.905
16.427955627441406,39.905
16.427955627441406,39.905
16.46037006378174,40.964
16.492510557174683,40.119
16.492510557174683,40.996
16.524017810821533,41.164
16.5561363697052,42.567
16.5561363697052,41.049
16.58799123764038,40.627
16.619768381118774,42.102
16.619768381118774,41.815
16.652225494384766,40.588
16.652225494384766,42.343
16.683906316757202,42.74
16.717186450958252,40.389
16.717186450958252,40.215
16.74843668937683,42.321
16.780388593673706,41.265
16.780388593673706,40.895
16.811604976654053,41.425
16.84402084350586,41.041
16.84402084350586,42.352
16.87625789642334,41.225
16.908466815948486,41.225
16.908466815948486,41.225
16.939618349075317,41.966
16.97227644920349,40.04
16.97227644920349,41.338
17.004291772842407,41.608
17.004291772842407,40.876
17.036089181900024,41.032
17.068180322647095,40.525
17.068180322647095,41.021
17.100324153900146,41.021
17.131455898284912,40.661
17.131455898284912,40.661
17.163941621780396,41.021
17.195521116256714,40.761
17.195521116256714,40.761
17.228296995162964,41.548
17.259727954864502,42.122
17.259727954864502,41.049
17.291712522506714,40.817
17.291712522506714,41.331
17.323716163635254,41.235
17.355955123901367,40.597
17.355955123901367,40.3
17.388535976409912,41.184
17.42045569419861,42.112
17.42045569419861,41.376
17.452366590499878,40.585
17.48429560661316,42.0
17.48429560661316,41.298
17.51806402206421,40.492
17.51806402206421,41.65
17.547627449035645,42.696
17.5800940990448,41.622
17.612069368362427,40.994
17.612069368362427,41.592
17.643988609313965,41.719
17.643988609313965,41.719
17.676342487335205,41.622
17.70783495903015,40.866
17.70783495903015,42.695
17.73979949951172,40.752
17.77206039428711,40.366
17.77206039428711,40.866
17.804170846939087,41.969
17.83631658554077,40.345
17.83631658554077,40.553
17.868321418762207,41.254
17.90018892288208,41.472
17.90018892288208,41.939
17.93250036239624,41.065
17.964250564575195,41.151
17.964250564575195,41.905
17.99628210067749,41.254
17.99628210067749,41.116
18.02795171737671,42.505
18.059470653533936,41.203
18.059470653533936,40.342
18.092315912246704,41.228
18.123533248901367,40.993
18.123533248901367,41.116
18.156089305877686,40.164
18.188387393951416,40.982
18.188387393951416,42.069
18.21962571144104,42.629
18.251885414123535,40.946
18.251885414123535,42.185
18.283737897872925,43.153
18.31697988510132,40.719
18.31697988510132,40.568
18.347872495651245,41.771
18.347872495651245,41.05
18.37969732284546,41.342
18.41225004196167,41.783
18.41225004196167,41.205
18.444108963012695,42.031
18.47575807571411,41.117
18.47575807571411,41.205
18.50781750679016,42.366
18.540343761444092,41.874
18.540343761444092,40.09
18.57216238975525,41.945
18.60400366783142,42.493
18.60400366783142,40.564
18.636231899261475,40.305
18.667999744415283,41.381
18.667999744415283,41.721
18.700363397598267,41.408
18.700363397598267,40.606
18.732316255569458,40.307
18.763571977615356,42.3
18.763571977615356,41.331
18.79567289352417,39.687
18.82847547531128,41.382
18.82847547531128,42.147
18.859607934951782,40.511
18.891560554504395,41.45
18.891560554504395,42.32
18.924537658691406,41.298
18.95613670349121,40.765
18.95613670349121,41.509
18.988221168518066,41.509
19.01994228363037,42.076
19.01994228363037,41.156
19.051989555358887,41.594
19.084330081939697,42.235
19.084330081939697,41.547
19.117589712142944,41.547
19.117589712142944,40.497
19.147740840911865,41.529
19.18023109436035,40.3
19.18023109436035,40.592
19.212384462356567,40.395
19.243722915649414,40.566
19.243722915649414,40.566
19.276559591293335,40.33
19.307663679122925,40.528
19.307663679122925,40.528
19.340205669403076,41.004
19.37171196937561,40.344
19.37171196937561,42.758
19.404463052749634,42.301
19.404463052749634,40.057
19.435699462890625,40.465
19.46743106842041,41.275
19.46743106842041,41.136
19.500267267227173,41.49
19.531617641448975,41.415
19.531617641448975,41.415
19.564082622528076,41.415
19.596527338027954,41.415
19.596527338027954,41.415
19.627700805664062,42.179
19.65982723236084,40.183
19.65982723236084,41.933
19.69151020050049,41.703
19.723575592041016,41.397
19.723575592041016,41.397
19.756228923797607,41.397
19.756228923797607,40.183
19.7880117893219,32.646
19.82001519203186,-26.505
19.82001519203186,-26.595
19.851985454559326,-28.127
19.88369631767273,-30.887
19.88369631767273,-31.595
19.918172121047974,-31.95
19.948169708251953,-32.835
19.948169708251953,-32.551
19.979994535446167,-32.048
20.011627197265625,-31.589
20.011627197265625,-31.843
20.04448699951172,-31.424
20.075702667236328,-30.896
20.075702667236328,-32.829
20.108229398727417,-31.843
20.14050269126892,-32.69
20.14050269126892,-31.73
20.17175841331482,-32.979
20.17175841331482,-33.606
20.203961610794067,-32.907
20.236217260360718,-31.838
20.236217260360718,-32.125
20.267508029937744,-31.765
20.300491333007812,-32.091
20.300491333007812,-32.266
20.331990718841553,-32.859
20.363956451416016,-32.049
20.363956451416016,-32.152
20.39607048034668,-32.152
20.42851972579956,-32.266
20.42851972579956,-32.435
20.460286378860474,-31.219
20.460286378860474,-32.195
20.491912603378296,-32.952
20.523598670959473,-32.608
20.523598670959473,-32.452
20.556217193603516,-32.452
20.58753228187561,-33.271
20.58753228187561,-33.165
20.61962890625,-32.715
20.65241813659668,-32.373
20.65241813659668,-32.715
20.683995723724365,-31.582
20.717565059661865,-33.301
20.717565059661865,-33.301
20.74754023551941,-32.573
20.780003309249878,-32.573
20.780003309249878,-34.59
20.811707735061646,-34.201
20.811707735061646,-32.541
20.84438943862915,-31.321
20.87560725212097,-32.667
20.87560725212097,-33.274
20.907824277877808,-32.558
20.940378665924072,-32.735
20.940378665924072,-32.735
20.97180724143982,-33.84
21.004273414611816,-33.18
21.004273414611816,-33.4
21.03647470474243,-32.421
21.067453622817993,-31.714
21.067453622817993,-31.462
21.100300550460815,-33.114
21.131690502166748,-33.114
21.131690502166748,-32.2
21.16412615776062,-32.004
21.196141481399536,-33.713
21.196141481399536,-33.845
21.22828459739685,-32.091
21.22828459739685,-31.097
21.259502172470093,-31.539
21.291909217834473,-32.35
21.291909217834473,-32.021
21.324333667755127,-32.574
21.35564684867859,-31.879
21.35564684867859,-31.014
21.387720584869385,-32.083
21.420438528060913,-32.083
21.420438528060913,-33.24
21.45171022415161,-31.262
21.48363423347473,-30.326
21.48363423347473,-32.611
21.518242359161377,-33.206
21.518242359161377,-32.657
21.54815649986267,-32.241
21.580307006835938,-33.595
21.580307006835938,-33.595
21.61248469352722,-33.503
21.644291877746582,-33.328
21.644291877746582,-32.463
21.67621350288391,-33.328
21.708332538604736,-33.328
21.708332538604736,-32.351
21.740448236465454,-33.187
21.772362232208252,-32.09
21.772362232208252,-31.493
21.803849697113037,-32.82
21.803849697113037,-32.724
21.835558652877808,-31.503
21.867812871932983,-30.822
21.867812871932983,-32.777
21.9001727104187,-32.945
21.93226981163025,-32.391
21.93226981163025,-32.234
21.963971853256226,-32.821
21.995777368545532,-32.608
21.995777368545532,-32.608
22.028226613998413,-33.023
22.059682607650757,-32.4
22.059682607650757,-32.608
22.09211039543152,-32.608
22.124537229537964,-32.608
22.124537229537964,-32.318
22.155887126922607,-31.407
22.187774658203125,-31.286
22.187774658203125,-31.407
22.219577312469482,-33.204
22.219577312469482,-31.708
22.252413034439087,-30.677
22.284132957458496,-31.781
22.284132957458496,-32.373
22.31748342514038,-32.373
22.34770131111145,-32.719
22.34770131111145,-33.519
22.38029980659485,-32.973
22.41230273246765,-32.832
22.41230273246765,-33.957
22.443620443344116,-33.459
22.476344108581543,-31.774
22.476344108581543,-32.973
22.508089065551758,-32.973
22.53957962989807,-33.122
22.53957962989807,-31.859
22.57158875465393,-31.433
22.57158875465393,-33.476
22.604154109954834,-33.34
22.63593602180481,-32.881
22.63593602180481,-32.432
22.667555809020996,-31.848
22.699824571609497,-31.165
22.699824571609497,-31.714
22.732200145721436,-33.339
22.76431179046631,-33.566
22.76431179046631,-32.791
22.79578161239624,-32.601
22.827987909317017,-34.23
22.827987909317017,-33.368
22.859843254089355,-33.368
22.891931533813477,-30.492
22.891931533813477,-32.647
22.923583984375,-32.985
22.923583984375,-31.811
22.955689430236816,-31.454
22.987610578536987,-32.942
22.987610578536987,-32.942
23.020214796066284,-32.544
23.051583766937256,-32.868
23.051583766937256,-32.794
23.084030866622925,-32.794
23.118265390396118,-32.794
23.118265390396118,-32.794
23.147777795791626,-32.794
23.179970026016235,-32.794
23.179970026016235,-31.378
23.21168828010559,-32.794
23.243737936019897,-32.794
23.243737936019897,-32.435
23.276306867599487,-31.552
23.276306867599487,-32.392
23.307936906814575,-32.582
23.339725971221924,-32.137
23.339725971221924,-32.137
23.371527910232544,-32.392
23.403669118881226,-32.392
23.403669118881226,-32.618
23.436275959014893,-32.618
23.468234062194824,-32.805
23.468234062194824,-31.944
23.49976110458374,-31.621
23.53228211402893,-33.117
23.53228211402893,-33.006
23.564170122146606,-32.193
23.564170122146606,-31.741
23.595893383026123,-33.58
23.628393411636353,-33.773
23.628393411636353,-32.233
23.659618854522705,-31.009
23.691866636276245,-31.547
23.691866636276245,-31.547
23.72385549545288,-31.819
23.7554292678833,-31.819
23.7554292678833,-32.297
23.78845238685608,-32.297
23.819632291793823,-32.127
23.819632291793823,-33.012
23.851651668548584,-33.21
23.88443112373352,-32.535
23.88443112373352,-31.804
23.917704582214355,-33.014
23.917704582214355,-33.361
23.94776439666748,-32.429
23.98041343688965,-31.744
23.98041343688965,-33.587
24.011817932128906,-33.587
24.0440833568573,-32.541
24.0440833568573,-32.097
24.076402187347412,-32.279
24.107502222061157,-31.662
24.107502222061157,-31.465
24.13973593711853,-32.822
24.172458171844482,-33.341
24.172458171844482,-32.329
24.204070568084717,-32.329
24.204070568084717,-34.062
24.23584008216858,-33.957
24.2678062915802,-31.992
24.2678062915802,-30.516
24.300034046173096,-32.532
24.332294464111328,-33.31
24.332294464111328,-32.138
24.364179134368896,-31.174
24.395649671554565,-33.009
24.395649671554565,-33.278
24.42849898338318,-33.422
24.46035861968994,-32.657
24.46035861968994,-32.743
24.49151873588562,-31.654
24.524192571640015,-31.376
24.524192571640015,-32.515
24.555985927581787,-33.055
24.555985927581787,-32.787
24.58757495880127,-31.993
24.62040400505066,-32.925
24.62040400505066,-32.787
24.65172243118286,-33.031
24.684409379959106,-32.925
24.684409379959106,-32.538
24.718047380447388,-31.267
24.748263597488403,-32.538
24.748263597488403,-31.669
24.78026556968689,-31.267
24.811633110046387,-21.778
24.811633110046387,24.343
24.84433150291443,27.494
24.87582302093506,28.605
24.87582302093506,28.823
24.90837550163269,28.823
24.90837550163269,28.962
24.940189838409424,28.823
24.97253441810608,28.823
24.97253441810608,29.597
25.004202127456665,29.226
25.0363290309906,29.444
25.0363290309906,29.545
25.067630767822266,29.729
25.100268602371216,29.597
25.100268602371216,29.597
25.13166356086731,28.916
25.163552284240723,28.368
25.163552284240723,29.719
25.196089506149292,31.215
25.22759437561035,30.097
25.22759437561035,28.709
25.260138750076294,28.566
25.292025804519653,29.645
25.292025804519653,30.241
25.324273824691772,30.415
25.324273824691772,30.658
25.356167554855347,29.735
25.38802719116211,29.065
25.38802719116211,29.395
25.420148611068726,30.501
25.452439308166504,30.922
25.452439308166504,29.927
25.483662128448486,29.088
25.517302751541138,30.169
25.517302751541138,31.18
25.54764437675476,30.255
25.580201625823975,28.834
25.580201625823975,28.283
25.612454175949097,29.143
25.612454175949097,30.377
25.643632650375366,30.377
25.676398038864136,29.166
25.676398038864136,28.857
25.70853090286255,29.006
25.74035334587097,28.534
25.74035334587097,28.77
25.77162742614746,29.312
25.80438733100891,29.104
25.80438733100891,28.132
25.835976600646973,28.319
25.86750292778015,29.317
25.86750292778015,29.104
25.899990558624268,29.569
25.93226432800293,28.867
25.93226432800293,29.214
25.964200258255005,30.115
25.996469497680664,30.115
25.996469497680664,28.887
26.027605295181274,29.214
26.027605295181274,28.586
26.05981183052063,30.335
26.091647148132324,30.335
26.091647148132324,29.452
26.124364852905273,29.117
26.156306743621826,29.117
26.156306743621826,29.117
26.187846422195435,29.496
26.219542503356934,29.791
26.219542503356934,29.403
26.252475261688232,28.515
26.284144639968872,28.515
26.284144639968872,29.216
26.31807541847229,29.78
26.31807541847229,29.113
26.347668170928955,27.883
26.37993884086609,28.364
26.37993884086609,30.032
26.41235375404358,29.828
26.44421076774597,29.066
26.44421076774597,29.066
26.47588324546814,29.301
26.5084285736084,29.12
26.5084285736084,29.304
26.54007840156555,29.731
26.57210397720337,29.301
26.57210397720337,29.577
26.60376787185669,28.822
26.635725259780884,29.115
26.635725259780884,29.444
26.66746163368225,29.838
26.699855089187622,29.444
26.699855089187622,28.99
26.731459140777588,29.977
26.731459140777588,29.444
26.763683795928955,30.601
26.796072959899902,29.209
26.796072959899902,28.491
26.82775568962097,28.879
26.860467672348022,29.215
26.860467672348022,28.759
26.891948699951172,28.907
26.923907041549683,29.212
26.923907041549683,29.212
26.955744743347168,29.212
26.988064289093018,29.212
26.988064289093018,29.677
27.0200514793396,29.058
27.051608085632324,29.178
27.051608085632324,28.31
27.083994150161743,29.389
27.083994150161743,30.093
27.118261098861694,29.37
27.147670030593872,28.96
27.147670030593872,29.272
27.17971920967102,30.229
27.21246027946472,30.021
27.21246027946472,29.472
27.243898391723633,29.472
27.275782585144043,29.689
27.275782585144043,29.562
27.30753779411316,29.562
27.33981490135193,29.486
27.33981490135193,29.486
27.37248969078064,28.292
27.403911113739014,28.598
27.403911113739014,29.195
27.436071157455444,28.807
27.436071157455444,28.807
27.46828603744507,29.016
27.50040578842163,29.016
27.50040578842163,29.787
27.531785488128662,30.756
27.564356565475464,29.749
27.564356565475464,28.849
27.596266269683838,28.598
27.62783646583557,29.88
27.62783646583557,30.146
27.66039800643921,30.146
27.691793203353882,29.878
27.691793203353882,29.396
27.724064350128174,29.878
27.724064350128174,29.878
27.756308555603027,29.949
27.78759479522705,30.775
27.78759479522705,29.345
27.820515871047974,28.484
27.85193657875061,29.332
27.85193657875061,30.7
27.88421058654785,30.2
27.91731834411621,29.043
27.91731834411621,29.043
27.948066234588623,29.76
27.979671478271484,30.404
27.979671478271484,30.256
28.012407779693604,30.047
28.012407779693604,29.498
28.04372525215149,29.413
28.076077461242676,29.593
28.076077461242676,29.813
28.108481407165527,30.133
28.1394100189209,29.376
28.1394100189209,29.498
28.171690464019775,28.841
28.204034566879272,30.041
28.204034566879272,30.733
28.23632526397705,29.109
28.26799726486206,28.421
28.26799726486206,29.037
28.299875020980835,30.412
28.331597328186035,30.412
28.331597328186035,29.48
28.363630056381226,28.52
28.39613127708435,28.861
28.39613127708435,29.061
28.42797541618347,29.061
28.42797541618347,29.362
28.460304737091064,29.362
28.49147391319275,28.761
28.49147391319275,28.761
28.523598432540894,29.935
28.555514812469482,29.813
28.555514812469482,29.532
28.588004112243652,28.672
28.620368480682373,29.091
28.620368480682373,30.282
28.652167081832886,31.044
28.684083461761475,29.676
28.684083461761475,28.579
28.717508792877197,28.579
28.74777626991272,29.442
28.74777626991272,29.562
28.779683589935303,29.562
28.81160068511963,29.664
28.81160068511963,29.431
28.843628644943237,29.431
28.843628644943237,29.135
28.87590503692627,29.562
28.90791606903076,29.715
28.90791606903076,29.431
28.940502405166626,29.135
28.97238278388977,28.099
28.97238278388977,29.701
29.00404930114746,30.227
29.035716772079468,29.356
29.035716772079468,29.129
29.068078756332397,29.835
29.0999596118927,29.612
29.0999596118927,29.612
29.132312774658203,28.327
29.16420578956604,28.327
29.16420578956604,28.517
29.195689916610718,28.926
29.195689916610718,28.517
29.22826051712036,28.517
29.25971269607544,30.454
29.25971269607544,29.246
29.292230367660522,29.447
29.32367515563965,30.554
29.32367515563965,30.216
29.356240034103394,30.216
29.387798309326172,27.124
29.387798309326172,27.851
29.419885396957397,30.006
29.452405214309692,30.675
29.452405214309692,29.709
29.484205722808838,29.39
29.484205722808838,29.797
29.5181782245636,29.797
29.547552585601807,29.176
29.547552585601807,28.868
29.58014941215515,28.654
29.612326860427856,28.853
29.612326860427856,29.132
29.643569231033325,29.813
29.675684928894043,29.132
29.675684928894043,30.147
29.707690238952637,28.968
29.740057229995728,29.132
29.740057229995728,29.132
29.772149085998535,28.968
29.804235219955444,24.09
29.804235219955444,-15.24
29.836186408996582,-20.581
29.836186408996582,-21.238
29.86832356452942,-22.0
29.900044202804565,-22.122
29.900044202804565,-21.629
29.931811332702637,-22.254
29.96411395072937,-22.7
29.96411395072937,-23.516
29.99567723274231,-22.254
30.02829599380493,-23.423
30.02829599380493,-22.789
30.059769868850708,-22.043
30.092172384262085,-22.043
30.092172384262085,-22.998
30.12363362312317,-22.998
30.15631651878357,-22.467
30.15631651878357,-22.001
30.18824028968811,-21.818
30.18824028968811,-22.261
30.2199969291687,-23.511
30.252333641052246,-23.707
30.252333641052246,-23.851
30.284067630767822,-23.33
30.317877292633057,-23.33
30.317877292633057,-23.232
30.347853183746338,-23.387
30.380409240722656,-23.387
30.380409240722656,-22.28
30.412434101104736,-22.79
30.44444465637207,-23.471
30.44444465637207,-22.542
30.476306200027466,-21.778
30.507936000823975,-22.087
30.507936000823975,-22.616
30.540496826171875,-23.599
30.571712970733643,-24.372
30.571712970733643,-23.897
30.603995323181152,-22.952
30.6362566947937,-21.916
30.6362566947937,-21.916
30.668196439743042,-22.713
30.668196439743042,-22.791
30.70008397102356,-23.457
30.73152184486389,-23.65
30.73152184486389,-23.233
30.764220714569092,-23.451
30.795819759368896,-22.989
30.795819759368896,-23.107
30.82816433906555,-23.369
30.859615802764893,-23.282
30.859615802764893,-23.282
30.891923189163208,-23.398
30.923544883728027,-23.282
30.923544883728027,-23.282
30.95625877380371,-21.909
30.98789143562317,-22.084
30.98789143562317,-22.842
31.020288228988647,-22.506
31.020288228988647,-22.195
31.052149534225464,-21.808
31.08441400527954,-22.048
31.08441400527954,-22.195
31.11767339706421,-22.506
31.147590398788452,-23.372
31.147590398788452,-22.324
31.180315732955933,-21.843
31.21174931526184,-21.974
31.21174931526184,-22.044
31.24362301826477,-21.931
31.27605152130127,-22.601
31.27605152130127,-22.601
31.30847430229187,-22.479
31.34006929397583,-23.139
31.34006929397583,-22.768
31.372320413589478,-22.924
31.40386962890625,-22.768
31.40386962890625,-23.817
31.436356782913208,-23.139
31.436356782913208,-24.049
31.46764373779297,-22.788
31.499598026275635,-21.948
31.499598026275635,-21.469
31.53213095664978,-22.129
31.564169883728027,-22.832
31.564169883728027,-22.525
31.595839023590088,-22.407
31.627577304840088,-22.322
31.627577304840088,-22.004
31.65960431098938,-22.774
31.692451000213623,-23.0
31.692451000213623,-23.266
31.72367024421692,-23.63
31.72367024421692,-22.958
31.7559597492218,-22.857
31.788414478302002,-22.958
31.788414478302002,-22.958
31.820477724075317,-21.398
31.85184931755066,-22.145
31.85184931755066,-22.768
31.884363651275635,-23.548
31.917593479156494,-22.621
31.917593479156494,-21.916
31.948566675186157,-22.528
31.979801177978516,-23.035
31.979801177978516,-22.768
32.01216459274292,-23.035
32.01216459274292,-23.822
32.0438449382782,-22.415
32.076199531555176,-21.328
32.076199531555176,-21.476
32.1076226234436,-23.017
32.140007972717285,-23.57
32.140007972717285,-23.294
32.17242121696472,-22.243
32.20400547981262,-21.698
32.20400547981262,-22.465
32.23616862297058,-22.901
32.26826024055481,-22.901
32.26826024055481,-23.098
32.300283670425415,-22.739
32.300283670425415,-22.739
32.33167910575867,-23.022
32.36439347267151,-22.856
32.36439347267151,-22.491
32.3962767124176,-22.695
32.428078413009644,-22.912
32.428078413009644,-22.731
32.45993089675903,-23.764
32.49223709106445,-23.201
32.49223709106445,-22.73
32.524020195007324,-22.843
32.55630350112915,-24.434
32.55630350112915,-24.772
32.58769202232361,-24.15
32.58769202232361,-23.219
32.619749546051025,-22.177
32.65196108818054,-21.765
32.65196108818054,-21.988
32.683931827545166,-21.865
32.71828579902649,-22.211
32.71828579902649,-22.211
32.74796009063721,-22.211
32.779781341552734,-22.211
32.779781341552734,-22.863
32.81231498718262,-22.524
32.843616247177124,-22.839
32.843616247177124,-22.705
32.87619924545288,-23.689
32.90817928314209,-22.863
32.90817928314209,-22.378
32.939916133880615,-21.902
32.971617460250854,-21.902
32.971617460250854,-22.231
33.00370526313782,-23.29
33.00370526313782,-23.29
33.03570103645325,-23.205
33.06824350357056,-22.925
33.06824350357056,-22.582
33.09997868537903,-23.477
33.132352352142334,-23.772
33.132352352142334,-23.299
33.16388463973999,-22.677
33.19602131843567,-21.972
33.19602131843567,-22.05
33.22775912284851,-21.616
33.26027965545654,-20.937
33.26027965545654,-21.265
33.2917160987854,-21.571
33.32373237609863,-22.031
33.32373237609863,-21.616
33.35576868057251,-22.833
33.38790440559387,-22.454
33.38790440559387,-22.371
33.419724225997925,-22.161
33.419724225997925,-22.611
33.451783895492554,-22.611
33.48368310928345,-22.966
33.48368310928345,-22.24
33.51736879348755,-22.371
33.54843497276306,-21.553
33.54843497276306,-22.827
33.58046269416809,-23.023
33.61201810836792,-22.899
33.61201810836792,-22.804
33.64375829696655,-22.428
33.67581915855408,-22.844
33.67581915855408,-22.844
33.708158016204834,-23.068
33.7399959564209,-23.253
33.7399959564209,-22.744
33.77196264266968,-22.517
33.77196264266968,-22.207
33.80416774749756,-22.744
33.83639883995056,-22.517
33.83639883995056,-21.161
33.86828684806824,-21.466
33.90028405189514,-22.362
33.90028405189514,-22.584
33.93156433105469,-21.949
33.96443772315979,-21.643
33.96443772315979,-21.643
33.99590873718262,-22.186
34.028544664382935,-23.379
34.028544664382935,-22.982
34.05972599983215,-22.256
34.09206247329712,-21.769
34.09206247329712,-21.308
34.123764991760254,-21.56
34.15622663497925,-21.819
34.15622663497925,-21.983
34.187628984451294,-22.54
34.187628984451294,-22.345
34.22037744522095,-22.082
34.2515823841095,-22.812
34.2515823841095,-22.812
34.284157276153564,-23.071
34.31786561012268,-23.27
34.31786561012268,-23.076
34.34807801246643,-23.076
34.3804771900177,-23.562
34.3804771900177,-23.076
34.41218447685242,-23.076
34.44416689872742,-21.466
34.44416689872742,-22.361
34.47634792327881,-23.685
34.47634792327881,-23.169
34.507880210876465,-22.79
34.54004716873169,-22.201
34.54004716873169,-22.109
34.571956634521484,-23.608
34.6043267250061,-23.701
34.6043267250061,-22.889
34.63581109046936,-22.455
34.66805934906006,-22.04
34.66805934906006,-22.122
34.70026659965515,-22.545
34.73239088058472,-21.451
34.73239088058472,-22.122
34.76448154449463,-22.04
34.76448154449463,-21.451
34.79648303985596,-15.297
34.82760834693909,14.298
34.82760834693909,18.341
34.860331773757935,19.881
34.89180040359497,19.771
34.89180040359497,19.235
34.92418837547302,18.453
34.9555549621582,17.945
34.9555549621582,18.315
34.98807883262634,19.036
35.019797563552856,20.218
35.019797563552856,20.586
35.052247285842896,20.117
35.08378744125366,19.516
35.08378744125366,19.003
35.11769986152649,18.911
35.11769986152649,19.226
35.148504972457886,18.988
35.18031859397888,18.796
35.18031859397888,18.869
35.2115752696991,19.277
35.24421954154968,18.988
35.24421954154968,19.962
35.27569341659546,19.393
35.30807662010193,18.761
35.30807662010193,18.057
35.34032678604126,18.238
35.371747970581055,18.829
35.371747970581055,19.283
35.404356956481934,20.123
35.4355890750885,20.123
35.4355890750885,18.919
35.467623710632324,18.143
35.50034022331238,18.023
35.50034022331238,18.777
35.53152012825012,19.846
35.564475774765015,20.347
35.564475774765015,20.108
35.596434593200684,19.751
35.596434593200684,19.541
35.62758159637451,19.298
35.65971755981445,19.002
35.65971755981445,19.14
35.69171380996704,19.465
35.72394156455994,19.757
35.72394156455994,19.995
35.75640034675598,20.07
35.78790473937988,19.745
35.78790473937988,19.35
35.8195960521698,19.745
35.8195960521698,19.745
35.85244560241699,18.528
35.883445739746094,19.011
35.883445739746094,19.205
35.91821885108948,19.369
35.94838881492615,19.369
35.94838881492615,19.032
35.97964406013489,18.19
36.01223945617676,19.032
36.01223945617676,18.688
36.04383301734924,19.808
36.07558727264404,20.839
36.07558727264404,20.697
36.108328104019165,19.421
36.14025831222534,18.374
36.14025831222534,17.985
36.17244625091553,18.489
36.20450806617737,19.576
36.20450806617737,20.072
36.23632192611694,19.365
36.23632192611694,18.839
36.26767301559448,18.839
36.30041766166687,19.162
36.30041766166687,19.24
36.332382917404175,18.98
36.364116191864014,19.122
36.364116191864014,19.414
36.39638423919678,19.587
36.42795944213867,19.754
36.42795944213867,19.869
36.459962606430054,19.945
36.49245643615723,19.197
36.49245643615723,19.587
36.524038553237915,19.587
36.555782079696655,18.313
36.555782079696655,18.875
36.58779287338257,19.284
36.58779287338257,19.439
36.61979103088379,19.068
36.652297019958496,18.421
36.652297019958496,18.193
36.68383479118347,18.585
36.71749806404114,19.376
36.71749806404114,20.382
36.74824380874634,20.543
36.779553174972534,20.078
36.779553174972534,19.675
36.81174087524414,19.295
36.843974351882935,19.196
36.843974351882935,19.698
36.876078844070435,20.032
36.90847897529602,19.686
36.90847897529602,19.411
36.9401650428772,19.334
36.97157859802246,19.493
36.97157859802246,19.493
37.00367736816406,19.493
37.03580570220947,19.411
37.03580570220947,19.334
37.06794190406799,18.378
37.06794190406799,18.874
37.09978771209717,19.533
37.132495641708374,19.969
37.132495641708374,19.742
37.16405701637268,18.818
37.195850133895874,18.453
37.195850133895874,18.806
37.227668046951294,19.759
37.260241985321045,20.762
37.260241985321045,20.367
37.29233646392822,19.471
37.29233646392822,19.056
37.32444667816162,18.831
37.35614895820618,18.831
37.35614895820618,19.058
37.38819336891174,19.489
37.420013189315796,19.058
37.420013189315796,19.058
37.45188760757446,19.977
37.48429727554321,19.705
37.48429727554321,19.324
37.51828718185425,19.081
37.54775667190552,19.311
37.54775667190552,19.593
37.580174684524536,19.878
37.61165928840637,20.135
37.61165928840637,19.956
37.64423966407776,19.596
37.64423966407776,19.596
37.676082134246826,19.596
37.70787072181702,19.596
37.70787072181702,17.847
37.739556312561035,18.826
37.77242970466614,19.949
37.77242970466614,20.045
37.80452084541321,19.44
37.83630561828613,18.555
37.83630561828613,18.093
37.86832642555237,18.093
37.899643421173096,18.398
37.899643421173096,19.129
37.93218374252319,19.765
37.96411347389221,19.765
37.96411347389221,19.512
37.9963436126709,19.118
38.02821087837219,18.75
38.02821087837219,18.441
38.05980157852173,18.176
38.05980157852173,18.641
38.092384576797485,19.296
38.1242995262146,18.75
38.1242995262146,18.75
38.15619468688965,20.52
38.18807411193848,20.138
38.18807411193848,19.642
38.22040009498596,19.336
38.252354860305786,19.723
38.252354860305786,20.137
38.28369641304016,20.137
38.318177938461304,20.39
38.318177938461304,19.932
38.34824180603027,19.932
38.38038516044617,19.932
38.38038516044617,19.932
38.41227841377258,18.355
38.41227841377258,19.488
38.444339752197266,20.118
38.47615051269531,19.95
38.47615051269531,19.95
38.50807285308838,19.655
38.540212869644165,19.655
38.540212869644165,19.983
38.571561098098755,20.221
38.60380268096924,20.121
38.60380268096924,19.947
38.63578248023987,19.632
38.667582273483276,19.38
38.667582273483276,19.947
38.70050120353699,18.673
38.70050120353699,18.462
38.7319130897522,18.462
38.764246225357056,19.14
38.764246225357056,20.092
38.79590940475464,19.012
38.82770538330078,20.973
38.82770538330078,20.363
38.86026477813721,19.422
38.8917281627655,19.182
38.8917281627655,19.263
38.923935413360596,20.097
38.955865144729614,20.983
38.955865144729614,20.791
38.9879367351532,19.962
39.020533084869385,19.407
39.020533084869385,18.847
39.05176067352295,18.581
39.08372902870178,19.052
39.08372902870178,19.631
39.11797785758972,19.972
39.11797785758972,19.972
39.14805340766907,19.592
39.18016743659973,19.149
39.18016743659973,18.779
39.211838483810425,19.0
39.244060039520264,19.584
39.244060039520264,19.584
39.276312589645386,19.489
39.3078556060791,19.202
39.3078556060791,19.076
39.340412855148315,19.19
39.37173891067505,18.99
39.37173891067505,18.734
39.40368413925171,18.959
39.43639874458313,19.076
39.43639874458313,19.076
39.46816158294678,19.19
39.50030541419983,21.354
39.50030541419983,20.458
39.53177881240845,19.77
39.53177881240845,19.41
39.56370210647583,19.51
39.59577775001526,20.101
39.59577775001526,20.101
39.62775754928589,19.493
39.65956473350525,18.773
39.65956473350525,18.773
39.6923565864563,18.472
39.72422957420349,17.694
39.72422957420349,18.773
39.75602173805237,18.472
39.78804683685303,17.694
39.78804683685303,13.642
39.82011795043945,-7.008
39.82011795043945,-10.584
39.85201048851013,-13.279
39.883646965026855,-13.755
39.883646965026855,-13.565
39.91837668418884,-13.272
39.948095083236694,-12.86
39.948095083236694,-12.86
39.98024392127991,-12.286
40.012192249298096,-11.981
40.012192249298096,-11.777
40.04428291320801,-11.9
40.07567572593689,-12.546
40.07567572593689,-12.546
40.108134746551514,-12.818
40.14041256904602,-12.93
40.14041256904602,-13.175
40.17156624794006,-13.338
40.20415782928467,-13.208
40.20415782928467,-13.312
40.236348152160645,-13.156
40.236348152160645,-13.156
40.267969369888306,-13.156
40.299720287323,-13.156
40.299720287323,-13.156
40.33193516731262,-12.385
40.36369729042053,-12.817
40.36369729042053,-12.74
40.39634156227112,-12.74
40.42759656906128,-12.74
40.42759656906128,-12.74
40.46025037765503,-12.74
40.492140769958496,-12.74
40.492140769958496,-12.74
40.524054288864136,-12.74
40.55559587478638,-11.858
40.55559587478638,-12.133
40.588345527648926,-12.133
40.588345527648926,-12.133
40.6194543838501,-12.483
40.65247178077698,-12.109
40.65247178077698,-12.109
40.6843535900116,-13.349
40.71758437156677,-13.007
40.71758437156677,-12.537
40.7479784488678,-12.265
40.77997088432312,-11.961
40.77997088432312,-11.726
40.81192374229431,-12.155
40.84401535987854,-12.789
40.84401535987854,-12.265
40.87643098831177,-12.265
40.87643098831177,-13.675
40.907907485961914,-13.069
40.93968319892883,-12.792
40.93968319892883,-12.876
40.97163772583008,-12.457
41.00390911102295,-12.457
41.00390911102295,-12.325
41.036386013031006,-12.646
41.068281412124634,-13.24
41.068281412124634,-13.029
41.10039186477661,-12.923
41.13196039199829,-12.828
41.13196039199829,-13.049
41.16452074050903,-12.922
41.196391344070435,-12.647
41.196391344070435,-12.744
41.22803568840027,-12.842
41.25990581512451,-13.043
41.25990581512451,-12.794
41.2917377948761,-12.794
41.2917377948761,-12.794
41.324103593826294,-12.794
41.35582971572876,-11.968
41.35582971572876,-12.364
41.38769888877869,-12.364
41.41959476470947,-12.972
41.41959476470947,-13.259
41.45188760757446,-13.974
41.48381304740906,-13.605
41.48381304740906,-12.804
41.51744031906128,-12.065
41.54792523384094,-11.433
41.54792523384094,-11.632
41.58024501800537,-11.518
41.611910820007324,-11.419
41.611910820007324,-11.87
41.64395713806152,-11.632
41.64395713806152,-11.632
41.675615549087524,-11.87
41.70836925506592,-12.9
41.70836925506592,-12.365
41.74002265930176,-12.227
41.77237033843994,-12.465
41.77237033843994,-12.332
41.80375289916992,-12.09
41.83648467063904,-12.176
41.83648467063904,-12.367
41.86788892745972,-12.367
41.90017628669739,-12.564
41.90017628669739,-12.368
41.93189334869385,-12.594
41.93189334869385,-13.038
41.963619232177734,-13.038
41.99602150917053,-12.645
41.99602150917053,-12.645
42.02803039550781,-12.492
42.05943560600281,-12.673
42.05943560600281,-12.591
42.09188890457153,-12.591
42.12371277809143,-12.591
42.12371277809143,-12.492
42.15577244758606,-11.975
42.1884400844574,-12.411
42.1884400844574,-12.247
42.21959447860718,-12.247
42.25199604034424,-12.247
42.25199604034424,-12.247
42.28439211845398,-12.247
42.28439211845398,-12.402
42.31774353981018,-11.971
42.34840774536133,-11.544
42.34840774536133,-11.783
42.37987780570984,-12.302
42.41167068481445,-12.231
42.41167068481445,-12.422
42.44388771057129,-12.743
42.47633242607117,-13.33
42.47633242607117,-13.33
42.508376359939575,-12.899
42.54025363922119,-12.592
42.54025363922119,-12.006
42.57189583778381,-12.166
42.60438418388367,-12.302
42.60438418388367,-12.138
42.636271238327026,-12.138
42.66807675361633,-12.138
42.66807675361633,-12.138
42.69988822937012,-12.138
42.69988822937012,-12.138
42.731900691986084,-12.219
42.763521671295166,-12.219
42.763521671295166,-12.219
42.795790910720825,-12.219
42.828341007232666,-12.219
42.828341007232666,-12.219
42.85978984832764,-12.013
42.89195156097412,-12.278
42.89195156097412,-12.484
42.92438316345215,-12.322
42.95598769187927,-12.322
42.95598769187927,-12.322
42.98761796951294,-12.322
42.98761796951294,-12.419
43.020355463027954,-12.322
43.05185866355896,-12.322
43.05185866355896,-11.736
43.083889961242676,-12.106
43.117687940597534,-12.252
43.117687940597534,-11.535
43.14762258529663,-11.797
43.17963790893555,-10.641
43.17963790893555,-10.641
43.212159395217896,-11.269
43.24379205703735,-11.269
43.24379205703735,-11.269
43.275734424591064,-11.613
43.30751919746399,-11.868
43.30751919746399,-11.295
43.33964014053345,-12.4
43.33964014053345,-11.645
43.37188768386841,-11.248
43.40378260612488,-11.248
43.40378260612488,-11.554
43.43563532829285,-11.865
43.46755242347717,-11.705
43.46755242347717,-11.894
43.50024390220642,-11.705
43.53163957595825,-11.865
43.53163957595825,-11.865
43.563785552978516,-12.828
43.596118450164795,-12.338
43.596118450164795,-11.942
43.627992391586304,-11.942
43.65969705581665,-11.806
43.65969705581665,-11.427
43.69164514541626,-11.194
43.72407627105713,-10.97
43.72407627105713,-10.97
43.75596475601196,-11.533
43.75596475601196,-11.533
43.78851842880249,-11.448
43.819769620895386,-11.773
43.819769620895386,-11.972
43.85216236114502,-11.533
43.88412261009216,-12.271
43.88412261009216,-11.893
43.9179310798645,-11.744
43.94762849807739,-11.744
43.94762849807739,-12.553
43.98009753227234,-12.326
44.01188349723816,-11.831
44.01188349723816,-11.831
44.044485330581665,-11.831
44.07612943649292,-11.831
44.07612943649292,-12.429
44.108174324035645,-12.123
44.108174324035645,-12.28
44.13962697982788,-12.421
44.17190170288086,-12.421
44.17190170288086,-12.595
44.20418691635132,-12.03
44.23642158508301,-11.632
44.23642158508301,-12.28
44.2679979801178,-11.651
44.300464391708374,-12.021
44.300464391708374,-12.021
44.33211159706116,-12.142
44.36412310600281,-12.246
44.36412310600281,-12.066
44.39626717567444,-12.142
44.42818999290466,-12.557
44.42818999290466,-12.286
44.46021127700806,-11.878
44.46021127700806,-11.971
44.49201536178589,-11.783
44.52404236793518,-11.307
44.52404236793518,-11.307
44.556166648864746,-11.73
44.58786416053772,-11.73
44.58786416053772,-13.023
44.620018005371094,-12.855
44.65204453468323,-12.855
44.65204453468323,-12.958
44.68428659439087,-12.958
44.71794056892395,-12.958
44.71794056892395,-12.958
44.747791051864624,-12.958
44.780333518981934,-12.958
44.780333518981934,-11.379
44.81202554702759,4.678
44.84454321861267,7.392
44.84454321861267,8.697
44.87585377693176,9.407
44.87585377693176,9.553
44.907586336135864,9.096
44.93968725204468,8.95
44.93968725204468,9.312
44.97163677215576,9.454
45.00376296043396,9.616
45.00376296043396,9.454
45.036346197128296,9.454
45.067768573760986,11.12
45.067768573760986,11.387
45.10033559799194,10.847
45.10033559799194,10.847
45.13179850578308,10.729
45.16438126564026,10.847
45.16438126564026,10.1
45.19636297225952,10.306
45.22768712043762,10.098
45.22768712043762,10.007
45.26048994064331,10.139
45.291608572006226,9.966
45.291608572006226,10.168
45.32400178909302,10.488
45.35589957237244,10.488
45.35589957237244,10.748
45.38770413398743,10.55
45.41970109939575,10.008
45.41970109939575,10.008
45.45198607444763,10.008
45.45198607444763,10.008
45.48423433303833,10.008
45.51765584945679,10.008
45.51765584945679,10.008
45.547966718673706,11.275
45.58043313026428,10.933
45.58043313026428,10.229
45.61168432235718,10.052
45.64438271522522,10.933
45.64438271522522,9.479
45.6754686832428,9.83
45.70769786834717,10.232
45.70769786834717,10.349
45.74040937423706,10.669
45.74040937423706,10.944
45.77172541618347,11.183
45.80450367927551,11.519
45.80450367927551,11.067
45.836249589920044,10.597
45.86771869659424,10.17
45.86771869659424,10.944
45.90013027191162,9.104
45.93179631233215,9.104
45.93179631233215,9.412
45.963881969451904,9.714
45.995776414871216,10.416
45.995776414871216,9.507
46.02828621864319,11.202
46.060006618499756,11.67
46.060006618499756,11.519
46.09190917015076,11.223
46.09190917015076,10.573
46.12408089637756,11.202
46.15581274032593,11.202
46.15581274032593,10.009
46.18836545944214,10.009
46.219544649124146,9.853
46.219544649124146,9.853
46.252063035964966,9.722
46.283515214920044,9.853
46.283515214920044,9.655
46.31809091567993,9.836
46.3482928276062,9.951
46.3482928276062,9.836
46.37997841835022,9.836
46.41248154640198,10.853
46.41248154640198,10.739
46.44367051124573,10.379
46.4758620262146,10.112
46.4758620262146,10.298
46.50809907913208,9.997
46.50809907913208,9.537
46.54022765159607,9.537
46.57203769683838,9.437
46.57203769683838,9.292
46.60371232032776,10.207
46.635863304138184,9.56
46.635863304138184,9.56
46.66794157028198,10.516
46.69988942146301,10.309
46.69988942146301,10.309
46.73231649398804,10.767
46.763930797576904,10.918
46.763930797576904,10.918
46.79560565948486,11.189
46.82776093482971,10.642
46.82776093482971,10.767
46.8601861000061,10.767
46.8601861000061,9.263
46.892378091812134,8.929
46.92439842224121,9.203
46.92439842224121,9.203
46.95581340789795,9.028
46.98838973045349,9.574
46.98838973045349,9.203
47.01960015296936,9.203
47.05142903327942,9.574
47.05142903327942,11.153
47.084157943725586,10.758
47.11815786361694,10.58
47.11815786361694,10.044
47.14841341972351,9.299
47.179617166519165,8.898
47.179617166519165,9.157
47.21193051338196,9.516
47.21193051338196,10.154
47.2440664768219,10.703
47.27590894699097,11.017
47.27590894699097,11.612
47.30808877944946,11.289
47.34031057357788,10.768
47.34031057357788,10.673
47.371769189834595,10.366
47.403627157211304,10.109
47.403627157211304,10.109
47.43556046485901,10.198
47.46773147583008,10.198
47.46773147583008,10.394
47.5003867149353,10.291
47.53220248222351,10.157
47.53220248222351,10.157
47.56362271308899,9.696
47.56362271308899,9.413
47.59631299972534,9.487
47.627646684646606,9.808
47.627646684646606,9.808
47.65988564491272,9.696
47.69189691543579,10.584
47.69189691543579,10.465
47.72407054901123,10.692
47.755505323410034,10.692
47.755505323410034,10.536
47.78778696060181,10.681
47.81968450546265,10.584
47.81968450546265,10.584
47.85201334953308,10.584
47.88421440124512,9.036
47.88421440124512,8.877
47.9175124168396,9.027
47.9175124168396,9.574
47.94819641113281,10.015
47.97982907295227,9.201
47.97982907295227,11.034
48.012566328048706,11.034
48.0438187122345,11.136
48.0438187122345,10.859
48.076242208480835,10.309
48.10750770568848,10.135
48.10750770568848,10.859
48.1403443813324,9.276
48.172422647476196,8.946
48.172422647476196,8.946
48.20367121696472,8.813
48.23633646965027,8.813
48.23633646965027,8.946
48.26795315742493,8.946
48.26795315742493,8.946
48.30018448829651,10.996
48.33251428604126,10.996
48.33251428604126,10.996
48.36393928527832,10.996
48.39639687538147,10.996
48.39639687538147,10.996
48.42781972885132,10.996
48.46048164367676,9.142
48.46048164367676,8.985
48.49236059188843,9.36
48.52378010749817,9.36
48.52378010749817,9.36
48.555901765823364,9.36
48.58828830718994,10.804
48.58828830718994,10.399
48.6198046207428,10.28
48.6198046207428,9.799
48.652411460876465,9.291
48.683632373809814,9.291
48.683632373809814,9.672
48.717796087265015,9.853
48.74765872955322,10.0
48.74765872955322,10.112
48.78027272224426,9.783
48.811919927597046,9.485
48.811919927597046,9.729
48.844446420669556,9.453
48.87569713592529,9.288
48.87569713592529,9.641
48.90829610824585,9.73
48.940073013305664,9.969
48.940073013305664,9.729
48.972498416900635,10.523
48.972498416900635,10.236
49.00354838371277,10.535
49.036163568496704,10.535
49.036163568496704,10.694
49.0677273273468,10.535
49.10021209716797,10.355
49.10021209716797,10.518
49.131577014923096,10.518
49.163565158843994,10.355
49.163565158843994,8.353
49.195804595947266,8.534
49.22801947593689,9.117
49.22801947593689,9.298
49.259827613830566,9.853
49.259827613830566,10.5
49.2916944026947,10.5
49.32425832748413,10.639
49.32425832748413,10.639
49.355548620224,10.222
49.387672901153564,9.992
49.387672901153564,10.493
49.41958045959473,9.296
49.451849937438965,8.845
49.451849937438965,8.759
49.48393487930298,8.759
49.518346309661865,8.943
49.518346309661865,8.943
49.548269748687744,8.943
49.58009219169617,8.943
49.58009219169617,11.103
49.612412452697754,10.814
49.612412452697754,10.385
49.643569469451904,10.463
