image,charuco_id,observed_u,observed_v,projected_u,projected_v,error_px
images/frame_000.png,8,770.091125,970.060242,769.613281,969.839539,0.526351
images/frame_000.png,11,965.554382,969.335632,966.119019,969.426086,0.571836
images/frame_000.png,14,691.685608,992.857117,691.437683,992.295227,0.614155
images/frame_000.png,15,759.006287,991.956421,759.981140,992.170654,0.998116
images/frame_000.png,18,966.110596,991.986206,966.338013,991.795654,0.296696
images/frame_000.png,19,1035.635864,991.735107,1035.366821,991.670166,0.276770
images/frame_000.png,20,1103.898315,991.032166,1104.517822,991.544495,0.803909
images/frame_000.png,23,821.011780,1016.533142,821.613831,1016.750305,0.640019
images/frame_000.png,24,894.269409,1016.543762,894.029663,1016.641663,0.258965
images/frame_000.png,25,966.776245,1016.387451,966.580200,1016.532776,0.244035
images/frame_000.png,26,1039.391846,1016.722290,1039.265747,1016.423706,0.324119
images/frame_000.png,27,1112.261108,1016.201172,1112.086670,1016.314453,0.207994
images/frame_000.png,30,814.106750,1044.069336,813.797974,1044.210327,0.339443
images/frame_000.png,31,890.539368,1044.382202,890.248596,1044.122437,0.389905
images/frame_000.png,32,966.926086,1043.723022,966.849426,1044.034546,0.320817
images/frame_000.png,33,1043.866943,1043.878540,1043.600708,1043.946411,0.274750
images/frame_000.png,34,1120.681030,1044.112305,1120.503174,1043.858032,0.310302
images/frame_001.png,2,841.043945,949.682678,840.784973,949.395691,0.386560
images/frame_001.png,3,903.380188,949.056091,903.302368,949.247864,0.206960
images/frame_001.png,8,770.117432,970.069763,769.613281,969.839539,0.554230
images/frame_001.png,11,966.015747,969.255249,966.119019,969.426086,0.199626
images/frame_001.png,12,1031.877075,969.192383,1031.841431,969.287842,0.101897
images/frame_001.png,13,1097.605103,969.655029,1097.674561,969.149353,0.510424
images/frame_001.png,14,691.748535,992.864441,691.437683,992.295227,0.648563
images/frame_001.png,15,759.241455,992.034424,759.981140,992.170654,0.752125
images/frame_001.png,19,1035.466919,991.824829,1035.366821,991.670166,0.184229
images/frame_001.png,20,1104.188965,991.017456,1104.517822,991.544495,0.621222
images/frame_001.png,23,820.970642,1016.499695,821.613831,1016.750305,0.690288
images/frame_001.png,26,1039.256958,1016.542603,1039.265747,1016.423706,0.119221
images/frame_001.png,27,1112.238770,1016.243958,1112.086670,1016.314453,0.167642
images/frame_001.png,30,814.146545,1044.006470,813.797974,1044.210327,0.403807
images/frame_001.png,31,890.639221,1044.481812,890.248596,1044.122437,0.530790
images/frame_001.png,32,966.984192,1043.793091,966.849426,1044.034546,0.276518
images/frame_001.png,33,1043.753906,1043.928833,1043.600708,1043.946411,0.154203
images/frame_001.png,34,1120.156128,1044.170288,1120.503174,1043.858032,0.466845
images/frame_004.png,11,965.182739,969.249451,966.119019,969.426086,0.952795
images/frame_004.png,12,1031.733765,969.059082,1031.841431,969.287842,0.252830
images/frame_004.png,13,1097.664673,969.472656,1097.674561,969.149353,0.323454
images/frame_004.png,19,1035.458618,991.714111,1035.366821,991.670166,0.101774
images/frame_004.png,20,1104.219482,991.075500,1104.517822,991.544495,0.555844
images/frame_004.png,23,821.163757,1016.587708,821.613831,1016.750305,0.478544
images/frame_004.png,26,1040.359863,1016.308472,1039.265747,1016.423706,1.100168
images/frame_004.png,27,1112.112671,1016.259521,1112.086670,1016.314453,0.060774
images/frame_004.png,30,814.095398,1044.175415,813.797974,1044.210327,0.299466
images/frame_004.png,31,890.723267,1044.353027,890.248596,1044.122437,0.527716
images/frame_004.png,32,966.934998,1043.773071,966.849426,1044.034546,0.275121
images/frame_004.png,33,1043.871338,1043.951538,1043.600708,1043.946411,0.270678
images/frame_004.png,34,1120.203491,1044.181274,1120.503174,1043.858032,0.440789
images/frame_005.png,2,841.169922,949.553223,840.784973,949.395691,0.415935
images/frame_005.png,3,903.462585,949.173523,903.302368,949.247864,0.176624
images/frame_005.png,8,770.082458,970.149414,769.613281,969.839539,0.562272
images/frame_005.png,11,965.729248,969.220459,966.119019,969.426086,0.440685
images/frame_005.png,14,691.794067,992.797668,691.437683,992.295227,0.616001
images/frame_005.png,18,966.187744,991.948120,966.338013,991.795654,0.214071
images/frame_005.png,19,1035.454834,991.811584,1035.366821,991.670166,0.166570
images/frame_005.png,20,1104.593262,991.053223,1104.517822,991.544495,0.497030
images/frame_005.png,24,894.580078,1016.543762,894.029663,1016.641663,0.559054
images/frame_005.png,25,966.249573,1016.517151,966.580200,1016.532776,0.330996
images/frame_005.png,26,1038.992310,1016.640747,1039.265747,1016.423706,0.349106
images/frame_005.png,27,1112.313354,1016.232056,1112.086670,1016.314453,0.241195
images/frame_005.png,30,814.065552,1044.130371,813.797974,1044.210327,0.279269
images/frame_005.png,31,890.119873,1044.335083,890.248596,1044.122437,0.248572
images/frame_005.png,32,966.895630,1043.822754,966.849426,1044.034546,0.216773
images/frame_005.png,33,1043.789795,1043.883301,1043.600708,1043.946411,0.199341
images/frame_005.png,34,1120.255371,1044.168457,1120.503174,1043.858032,0.397202
images/frame_006.png,8,770.113770,970.060913,769.613281,969.839539,0.547262
images/frame_006.png,11,965.651245,969.297791,966.119019,969.426086,0.485048
images/frame_006.png,14,691.703613,992.763306,691.437683,992.295227,0.538346
images/frame_006.png,18,966.166321,991.916931,966.338013,991.795654,0.210205
images/frame_006.png,19,1035.610107,991.679688,1035.366821,991.670166,0.243472
images/frame_006.png,20,1103.892212,991.080994,1104.517822,991.544495,0.778602
images/frame_006.png,21,676.017273,1016.169373,677.184753,1016.967041,1.413961
images/frame_006.png,24,894.227356,1016.636353,894.029663,1016.641663,0.197764
images/frame_006.png,25,966.454651,1016.475464,966.580200,1016.532776,0.138012
images/frame_006.png,26,1038.905640,1016.714539,1039.265747,1016.423706,0.462883
images/frame_006.png,27,1112.209229,1016.225647,1112.086670,1016.314453,0.151351
images/frame_006.png,28,661.356201,1044.218750,661.345215,1044.385376,0.166988
images/frame_006.png,29,736.719055,1044.188965,737.496948,1044.297852,0.785477
images/frame_006.png,30,814.040710,1044.096558,813.797974,1044.210327,0.268076
images/frame_006.png,31,889.607727,1044.387695,890.248596,1044.122437,0.693596
images/frame_006.png,32,966.983459,1043.716309,966.849426,1044.034546,0.345311
images/frame_006.png,33,1043.774048,1043.923218,1043.600708,1043.946411,0.174885
images/frame_006.png,34,1120.183594,1044.170288,1120.503174,1043.858032,0.446806
images/frame_007.png,2,841.151306,949.594910,840.784973,949.395691,0.416999
images/frame_007.png,3,903.621948,949.108276,903.302368,949.247864,0.348735
images/frame_007.png,11,965.989929,969.311279,966.119019,969.426086,0.172756
images/frame_007.png,18,966.062256,991.958130,966.338013,991.795654,0.320063
images/frame_007.png,19,1035.373901,991.779602,1035.366821,991.670166,0.109665
images/frame_007.png,20,1104.823486,991.008057,1104.517822,991.544495,0.617411
images/frame_007.png,25,966.452942,1016.436768,966.580200,1016.532776,0.159412
images/frame_007.png,26,1039.287231,1016.546570,1039.265747,1016.423706,0.124728
images/frame_007.png,27,1112.235474,1016.198364,1112.086670,1016.314453,0.188730
images/frame_007.png,32,966.938721,1043.878540,966.849426,1044.034546,0.179754
images/frame_007.png,33,1043.828247,1043.925049,1043.600708,1043.946411,0.228540
images/frame_007.png,34,1120.065796,1044.161255,1120.503174,1043.858032,0.532206
images/frame_008.png,2,841.035156,949.607300,840.784973,949.395691,0.327673
images/frame_008.png,8,770.147644,970.046936,769.613281,969.839539,0.573199
images/frame_008.png,19,1035.475830,991.817017,1035.366821,991.670166,0.182888
images/frame_008.png,20,1104.034180,991.072571,1104.517822,991.544495,0.675738
images/frame_008.png,26,1040.692627,1016.254333,1039.265747,1016.423706,1.436897
images/frame_008.png,27,1112.335815,1016.216614,1112.086670,1016.314453,0.267668
images/frame_008.png,28,661.337341,1044.303467,661.345215,1044.385376,0.082287
images/frame_008.png,29,737.095154,1044.146729,737.496948,1044.297852,0.429275
images/frame_008.png,30,814.080078,1044.064209,813.797974,1044.210327,0.317700
images/frame_008.png,31,890.432678,1044.409180,890.248596,1044.122437,0.340746
images/frame_008.png,32,966.955078,1043.864258,966.849426,1044.034546,0.200400
images/frame_008.png,33,1043.812134,1043.923218,1043.600708,1043.946411,0.212694
images/frame_008.png,34,1120.115112,1044.137939,1120.503174,1043.858032,0.478477
images/frame_010.png,8,770.084290,970.131775,769.613281,969.839539,0.554302
images/frame_010.png,14,691.790344,992.771423,691.437683,992.295227,0.592565
images/frame_010.png,15,759.172424,992.105225,759.981140,992.170654,0.811358
images/frame_010.png,19,1034.575806,991.578308,1035.366821,991.670166,0.796331
images/frame_010.png,20,1103.929565,990.994385,1104.517822,991.544495,0.805399
images/frame_010.png,21,675.061157,1015.770752,677.184753,1016.967041,2.437369
images/frame_010.png,22,749.791992,1016.819092,749.332336,1016.858826,0.461370
images/frame_010.png,23,821.252625,1016.470520,821.613831,1016.750305,0.456891
images/frame_010.png,26,1038.957153,1016.762268,1039.265747,1016.423706,0.458099
images/frame_010.png,27,1112.278687,1016.309875,1112.086670,1016.314453,0.192071
images/frame_010.png,28,661.391907,1044.237671,661.345215,1044.385376,0.154909
images/frame_010.png,29,737.961182,1044.410645,737.496948,1044.297852,0.477739
images/frame_010.png,30,814.045715,1044.069214,813.797974,1044.210327,0.285112
images/frame_010.png,31,889.741699,1044.523438,890.248596,1044.122437,0.646333
images/frame_010.png,32,966.941101,1043.776978,966.849426,1044.034546,0.273397
images/frame_010.png,33,1043.780640,1043.920776,1043.600708,1043.946411,0.181749
images/frame_010.png,34,1120.163086,1044.146729,1120.503174,1043.858032,0.446100
images/frame_011.png,10,900.821655,969.221436,900.507019,969.564148,0.465239
images/frame_011.png,11,965.681580,969.317810,966.119019,969.426086,0.450640
images/frame_011.png,14,691.714661,992.778381,691.437683,992.295227,0.556915
images/frame_011.png,17,897.749023,991.913757,897.430969,991.920837,0.318133
images/frame_011.png,18,966.173584,991.955933,966.338013,991.795654,0.229621
images/frame_011.png,19,1035.531860,991.811951,1035.366821,991.670166,0.217579
images/frame_011.png,20,1104.352539,990.911926,1104.517822,991.544495,0.653805
images/frame_011.png,21,677.205627,1016.809204,677.184753,1016.967041,0.159211
images/frame_011.png,24,894.206848,1016.635986,894.029663,1016.641663,0.177276
images/frame_011.png,25,966.714905,1016.523193,966.580200,1016.532776,0.135045
images/frame_011.png,26,1039.283203,1016.591797,1039.265747,1016.423706,0.168995
images/frame_011.png,27,1112.352051,1016.172852,1112.086670,1016.314453,0.300796
images/frame_011.png,28,661.383118,1044.292358,661.345215,1044.385376,0.100443
images/frame_011.png,29,736.956360,1044.122925,737.496948,1044.297852,0.568186
images/frame_011.png,30,814.135498,1044.151001,813.797974,1044.210327,0.342699
images/frame_011.png,31,889.810913,1044.318726,890.248596,1044.122437,0.479683
images/frame_011.png,32,966.960999,1043.856445,966.849426,1044.034546,0.210162
images/frame_011.png,33,1043.869141,1043.873169,1043.600708,1043.946411,0.278245
images/frame_011.png,34,1120.446899,1044.198120,1120.503174,1043.858032,0.344712
images/frame_012.png,15,759.127380,992.007202,759.981140,992.170654,0.869265
images/frame_012.png,18,966.228638,991.994141,966.338013,991.795654,0.226627
images/frame_012.png,19,1035.409912,991.751587,1035.366821,991.670166,0.092120
images/frame_012.png,20,1103.859497,991.001770,1104.517822,991.544495,0.853195
images/frame_012.png,23,821.201355,1016.468140,821.613831,1016.750305,0.499753
images/frame_012.png,24,894.430420,1016.513123,894.029663,1016.641663,0.420866
images/frame_012.png,25,966.405212,1016.563416,966.580200,1016.532776,0.177650
images/frame_012.png,26,1040.789307,1016.155457,1039.265747,1016.423706,1.546994
images/frame_012.png,27,1112.251465,1016.254517,1112.086670,1016.314453,0.175356
images/frame_012.png,30,814.061890,1044.139771,813.797974,1044.210327,0.273185
images/frame_012.png,31,890.010559,1044.399658,890.248596,1044.122437,0.365395
images/frame_012.png,32,966.973328,1043.706665,966.849426,1044.034546,0.350510
images/frame_012.png,33,1043.827026,1043.867676,1043.600708,1043.946411,0.239623
images/frame_012.png,34,1120.228638,1044.112061,1120.503174,1043.858032,0.374033
images/frame_013.png,2,841.067810,949.665649,840.784973,949.395691,0.390991
images/frame_013.png,3,903.760559,948.951599,903.302368,949.247864,0.545630
images/frame_013.png,11,965.567871,969.417603,966.119019,969.426086,0.551213
images/frame_013.png,12,1031.829224,969.092834,1031.841431,969.287842,0.195389
images/frame_013.png,13,1097.716309,969.572571,1097.674561,969.149353,0.425272
images/frame_013.png,19,1035.416626,991.761414,1035.366821,991.670166,0.103955
images/frame_013.png,20,1104.111694,991.126221,1104.517822,991.544495,0.583003
images/frame_013.png,26,1040.427734,1016.341797,1039.265747,1016.423706,1.164871
images/frame_013.png,27,1112.256714,1016.280396,1112.086670,1016.314453,0.173421
images/frame_013.png,28,661.380005,1044.310913,661.345215,1044.385376,0.082189
images/frame_013.png,29,736.752991,1044.080078,737.496948,1044.297852,0.775176
images/frame_013.png,32,966.903870,1043.729736,966.849426,1044.034546,0.309634
images/frame_013.png,33,1043.879028,1043.942627,1043.600708,1043.946411,0.278346
images/frame_013.png,34,1120.535645,1044.138428,1120.503174,1043.858032,0.282269
images/frame_014.png,19,1035.529785,991.680786,1035.366821,991.670166,0.163310
images/frame_014.png,20,1104.174316,991.097107,1104.517822,991.544495,0.564050
images/frame_014.png,22,749.803162,1016.813416,749.332336,1016.858826,0.473010
images/frame_014.png,23,820.989807,1016.510925,821.613831,1016.750305,0.668362
images/frame_014.png,26,1040.531128,1016.344238,1039.265747,1016.423706,1.267874
images/frame_014.png,27,1112.233643,1016.286316,1112.086670,1016.314453,0.149642
images/frame_014.png,28,661.417480,1044.273438,661.345215,1044.385376,0.133239
images/frame_014.png,29,736.829529,1044.168701,737.496948,1044.297852,0.679800
images/frame_014.png,30,814.137512,1044.157593,813.797974,1044.210327,0.343609
images/frame_014.png,31,890.013367,1044.381104,890.248596,1044.122437,0.349631
images/frame_014.png,32,966.932312,1043.737549,966.849426,1044.034546,0.308346
images/frame_014.png,33,1043.856567,1043.920532,1043.600708,1043.946411,0.257165
images/frame_014.png,34,1120.083984,1044.246216,1120.503174,1043.858032,0.571320
images/frame_015.png,2,841.094482,949.582458,840.784973,949.395691,0.361494
images/frame_015.png,3,903.507568,949.111755,903.302368,949.247864,0.246237
images/frame_015.png,8,770.179810,970.044250,769.613281,969.839539,0.602380
images/frame_015.png,11,965.729614,969.262329,966.119019,969.426086,0.422436
images/frame_015.png,12,1031.731079,969.142700,1031.841431,969.287842,0.182328
images/frame_015.png,13,1097.680664,969.468933,1097.674561,969.149353,0.319638
images/frame_015.png,18,966.219299,991.975342,966.338013,991.795654,0.215361
images/frame_015.png,19,1035.475830,991.823059,1035.366821,991.670166,0.187774
images/frame_015.png,20,1103.912109,991.073120,1104.517822,991.544495,0.767517
images/frame_015.png,24,894.263000,1016.608276,894.029663,1016.641663,0.235714
images/frame_015.png,25,966.400024,1016.577576,966.580200,1016.532776,0.185662
images/frame_015.png,26,1039.220703,1016.733948,1039.265747,1016.423706,0.313495
images/frame_015.png,27,1112.122314,1016.255066,1112.086670,1016.314453,0.069263
images/frame_015.png,30,814.073853,1044.127319,813.797974,1044.210327,0.288096
images/frame_015.png,31,889.584106,1044.351440,890.248596,1044.122437,0.702844
images/frame_015.png,32,966.874817,1043.873535,966.849426,1044.034546,0.163000
images/frame_015.png,33,1043.791016,1043.847656,1043.600708,1043.946411,0.214405
images/frame_015.png,34,1120.095825,1044.186279,1120.503174,1043.858032,0.523143
images/frame_016.png,17,896.749207,991.925659,897.430969,991.920837,0.681780
images/frame_016.png,18,966.150757,991.979980,966.338013,991.795654,0.262756
images/frame_016.png,19,1035.313477,991.879761,1035.366821,991.670166,0.216277
images/frame_016.png,20,1104.070923,991.064697,1104.517822,991.544495,0.655686
images/frame_016.png,24,894.246460,1016.729736,894.029663,1016.641663,0.234004
images/frame_016.png,25,966.337219,1016.609802,966.580200,1016.532776,0.254898
images/frame_016.png,26,1039.058960,1016.672607,1039.265747,1016.423706,0.323594
images/frame_016.png,27,1112.307617,1016.317932,1112.086670,1016.314453,0.220975
images/frame_016.png,30,814.069702,1044.114502,813.797974,1044.210327,0.288130
images/frame_016.png,31,890.021912,1044.438843,890.248596,1044.122437,0.389228
images/frame_016.png,32,966.922302,1043.882690,966.849426,1044.034546,0.168437
images/frame_016.png,33,1043.944946,1043.889160,1043.600708,1043.946411,0.348967
images/frame_016.png,34,1120.152100,1044.255371,1120.503174,1043.858032,0.530218
images/frame_017.png,8,770.095215,970.043274,769.613281,969.839539,0.523229
images/frame_017.png,11,965.646484,969.251831,966.119019,969.426086,0.503640
images/frame_017.png,14,691.756836,992.875305,691.437683,992.295227,0.662079
images/frame_017.png,19,1035.453003,991.824890,1035.366821,991.670166,0.177107
images/frame_017.png,20,1104.012817,991.055603,1104.517822,991.544495,0.702883
images/frame_017.png,26,1038.961548,1016.723694,1039.265747,1016.423706,0.427235
images/frame_017.png,27,1112.286011,1016.144836,1112.086670,1016.314453,0.261738
images/frame_017.png,30,814.134155,1044.165283,813.797974,1044.210327,0.339186
images/frame_017.png,31,889.683838,1044.357422,890.248596,1044.122437,0.611694
images/frame_017.png,32,966.892822,1043.932861,966.849426,1044.034546,0.110558
images/frame_017.png,33,1043.883911,1043.850098,1043.600708,1043.946411,0.299133
images/frame_017.png,34,1120.226074,1044.193970,1120.503174,1043.858032,0.435475
images/frame_018.png,2,841.151794,949.520813,840.784973,949.395691,0.387574
images/frame_018.png,3,903.694092,949.044800,903.302368,949.247864,0.441228
images/frame_018.png,8,770.068237,970.149597,769.613281,969.839539,0.550565
images/frame_018.png,11,966.003296,969.360107,966.119019,969.426086,0.133210
images/frame_018.png,14,691.785217,992.852661,691.437683,992.295227,0.656896
images/frame_018.png,18,966.176758,991.964233,966.338013,991.795654,0.233285
images/frame_018.png,19,1035.502686,991.762390,1035.366821,991.670166,0.164208
images/frame_018.png,21,674.927917,1015.750793,677.184753,1016.967041,2.563702
images/frame_018.png,24,894.264038,1016.678101,894.029663,1016.641663,0.237191
images/frame_018.png,25,966.228760,1016.468994,966.580200,1016.532776,0.357181
images/frame_018.png,26,1038.612061,1016.853455,1039.265747,1016.423706,0.782298
images/frame_018.png,27,1112.251465,1016.276428,1112.086670,1016.314453,0.169125
images/frame_018.png,28,661.379211,1044.319458,661.345215,1044.385376,0.074168
images/frame_018.png,29,736.974548,1044.142334,737.496948,1044.297852,0.545057
images/frame_018.png,30,814.097229,1044.099487,813.797974,1044.210327,0.319123
images/frame_018.png,31,889.759277,1044.457764,890.248596,1044.122437,0.593192
images/frame_018.png,32,966.938965,1043.851685,966.849426,1044.034546,0.203606
images/frame_018.png,33,1043.828125,1043.859497,1043.600708,1043.946411,0.243460
images/frame_018.png,34,1120.176880,1044.207520,1120.503174,1043.858032,0.478131
images/frame_019.png,11,965.332825,969.347717,966.119019,969.426086,0.790090
images/frame_019.png,12,1031.888672,969.091431,1031.841431,969.287842,0.202013
images/frame_019.png,13,1097.612427,969.521667,1097.674561,969.149353,0.377463
images/frame_019.png,18,966.181458,991.992554,966.338013,991.795654,0.251553
images/frame_019.png,19,1035.567627,991.745117,1035.366821,991.670166,0.214338
images/frame_019.png,20,1103.782104,991.122070,1104.517822,991.544495,0.848365
images/frame_019.png,23,821.497925,1016.578308,821.613831,1016.750305,0.207406
images/frame_019.png,24,894.186157,1016.638794,894.029663,1016.641663,0.156520
images/frame_019.png,25,966.505737,1016.524536,966.580200,1016.532776,0.074917
images/frame_019.png,26,1039.316162,1016.525208,1039.265747,1016.423706,0.113332
images/frame_019.png,27,1112.276489,1016.221313,1112.086670,1016.314453,0.211439
images/frame_019.png,30,813.993225,1044.082031,813.797974,1044.210327,0.233630
images/frame_019.png,31,890.030334,1044.376953,890.248596,1044.122437,0.335286
images/frame_019.png,32,966.922180,1043.840576,966.849426,1044.034546,0.207165
images/frame_019.png,33,1043.813965,1043.947998,1043.600708,1043.946411,0.213263
images/frame_019.png,34,1120.968384,1044.090210,1120.503174,1043.858032,0.519930
images/frame_020.png,8,770.091309,970.029907,769.613281,969.839539,0.514539
images/frame_020.png,11,965.719177,969.223145,966.119019,969.426086,0.448395
images/frame_020.png,14,691.725159,992.926086,691.437683,992.295227,0.693272
images/frame_020.png,18,966.386963,991.992249,966.338013,991.795654,0.202597
images/frame_020.png,19,1035.432007,991.863281,1035.366821,991.670166,0.203820
images/frame_020.png,20,1103.886719,991.051819,1104.517822,991.544495,0.800638
images/frame_020.png,21,674.567078,1015.547729,677.184753,1016.967041,2.977696
images/frame_020.png,25,966.315979,1016.679993,966.580200,1016.532776,0.302466
images/frame_020.png,26,1038.928833,1016.868286,1039.265747,1016.423706,0.557819
images/frame_020.png,28,661.372864,1044.244385,661.345215,1044.385376,0.143677
images/frame_020.png,29,738.022278,1044.418945,737.496948,1044.297852,0.539106
images/frame_020.png,32,966.843079,1043.863037,966.849426,1044.034546,0.171626
images/frame_020.png,33,1043.875366,1043.952026,1043.600708,1043.946411,0.274716
images/frame_021.png,1,779.018005,948.881226,778.367737,949.543213,0.927942
images/frame_021.png,2,840.987061,949.643433,840.784973,949.395691,0.319711
images/frame_021.png,3,903.734070,948.929932,903.302368,949.247864,0.536141
images/frame_021.png,8,770.106567,970.020081,769.613281,969.839539,0.525287
images/frame_021.png,11,965.639282,969.224915,966.119019,969.426086,0.520209
images/frame_021.png,19,1035.600586,991.768860,1035.366821,991.670166,0.253745
images/frame_021.png,20,1104.202881,991.166199,1104.517822,991.544495,0.492236
images/frame_021.png,26,1039.541138,1016.575378,1039.265747,1016.423706,0.314395
images/frame_021.png,27,1112.272705,1016.245361,1112.086670,1016.314453,0.198451
images/frame_021.png,30,814.047974,1044.174683,813.797974,1044.210327,0.252528
images/frame_021.png,31,890.738708,1044.355835,890.248596,1044.122437,0.542849
images/frame_021.png,32,967.042786,1043.844482,966.849426,1044.034546,0.271131
images/frame_023.png,11,965.660034,969.228577,966.119019,969.426086,0.499677
images/frame_023.png,12,1031.777344,969.230896,1031.841431,969.287842,0.085732
images/frame_023.png,13,1097.693970,969.475708,1097.674561,969.149353,0.326932
images/frame_023.png,18,966.074768,991.954407,966.338013,991.795654,0.307409
images/frame_023.png,19,1035.531860,991.849182,1035.366821,991.670166,0.243484
images/frame_023.png,20,1104.192627,990.999146,1104.517822,991.544495,0.634947
images/frame_023.png,24,894.308777,1016.715515,894.029663,1016.641663,0.288719
images/frame_023.png,25,966.839050,1016.564392,966.580200,1016.532776,0.260774
images/frame_023.png,26,1039.275879,1016.607727,1039.265747,1016.423706,0.184300
images/frame_023.png,27,1112.365601,1016.288330,1112.086670,1016.314453,0.280151
images/frame_023.png,30,814.048828,1044.116455,813.797974,1044.210327,0.267843
images/frame_023.png,31,890.706604,1044.432739,890.248596,1044.122437,0.553226
images/frame_023.png,32,966.877686,1043.768188,966.849426,1044.034546,0.267852
images/frame_023.png,33,1043.800781,1043.906494,1043.600708,1043.946411,0.204016
images/frame_023.png,34,1120.326660,1044.254028,1120.503174,1043.858032,0.433555
images/frame_026.png,6,1092.467041,948.487793,1091.457397,948.803040,1.057715
images/frame_026.png,8,770.149536,970.093689,769.613281,969.839539,0.593432
images/frame_026.png,12,1031.753906,969.177612,1031.841431,969.287842,0.140752
images/frame_026.png,18,966.201904,991.966919,966.338013,991.795654,0.218763
images/frame_026.png,19,1035.402954,991.862976,1035.366821,991.670166,0.196167
images/frame_026.png,25,966.502991,1016.621094,966.580200,1016.532776,0.117309
images/frame_026.png,26,1038.639648,1016.826416,1039.265747,1016.423706,0.744429
images/frame_026.png,27,1112.223022,1016.204712,1112.086670,1016.314453,0.175029
images/frame_026.png,28,661.335754,1044.353027,661.345215,1044.385376,0.033704
images/frame_026.png,29,736.815613,1044.257202,737.496948,1044.297852,0.682547
images/frame_026.png,32,966.894165,1043.776245,966.849426,1044.034546,0.262147
images/frame_026.png,33,1043.873901,1043.981201,1043.600708,1043.946411,0.275400
images/frame_026.png,34,1120.078613,1044.165649,1120.503174,1043.858032,0.524290
images/frame_027.png,8,770.148438,970.127197,769.613281,969.839539,0.607569
images/frame_027.png,18,966.264099,991.992859,966.338013,991.795654,0.210601
images/frame_027.png,19,1035.545898,991.916199,1035.366821,991.670166,0.304304
images/frame_027.png,20,1103.844482,991.108215,1104.517822,991.544495,0.802325
images/frame_027.png,25,966.789185,1016.419983,966.580200,1016.532776,0.237480
images/frame_027.png,26,1040.398315,1016.314819,1039.265747,1016.423706,1.137791
images/frame_027.png,27,1112.204224,1016.300476,1112.086670,1016.314453,0.118382
images/frame_027.png,28,661.353271,1044.314209,661.345215,1044.385376,0.071622
images/frame_027.png,29,738.055847,1044.482056,737.496948,1044.297852,0.588472
images/frame_027.png,32,966.874634,1043.681885,966.849426,1044.034546,0.353561
images/frame_027.png,33,1043.863159,1043.846191,1043.600708,1043.946411,0.280935
images/frame_027.png,34,1120.283081,1044.236328,1120.503174,1043.858032,0.437663
images/frame_028.png,2,841.092529,949.574341,840.784973,949.395691,0.355678
images/frame_028.png,3,903.679382,949.089783,903.302368,949.247864,0.408814
images/frame_028.png,11,966.045288,969.322510,966.119019,969.426086,0.127139
images/frame_028.png,19,1035.424561,991.854675,1035.366821,991.670166,0.193333
images/frame_028.png,23,821.008423,1016.556091,821.613831,1016.750305,0.635797
images/frame_028.png,26,1039.255005,1016.667786,1039.265747,1016.423706,0.244316
images/frame_028.png,27,1112.235596,1016.222778,1112.086670,1016.314453,0.174880
images/frame_028.png,30,814.108154,1044.121826,813.797974,1044.210327,0.322559
images/frame_028.png,31,889.308472,1044.236938,890.248596,1044.122437,0.947072
images/frame_028.png,32,966.889099,1043.871582,966.849426,1044.034546,0.167723
images/frame_028.png,33,1043.816895,1043.945312,1043.600708,1043.946411,0.216189
images/frame_028.png,34,1120.423706,1044.218506,1120.503174,1043.858032,0.369129
images/frame_029.png,2,841.160156,949.628174,840.784973,949.395691,0.441374
images/frame_029.png,8,770.036011,970.066650,769.613281,969.839539,0.479875
images/frame_029.png,15,760.861572,992.171631,759.981140,992.170654,0.880433
images/frame_029.png,19,1035.510132,991.877258,1035.366821,991.670166,0.251843
images/frame_029.png,20,1103.909912,991.166199,1104.517822,991.544495,0.716005
images/frame_029.png,22,749.740479,1016.924438,749.332336,1016.858826,0.413382
images/frame_029.png,26,1039.324585,1016.597412,1039.265747,1016.423706,0.183400
images/frame_029.png,27,1112.270630,1016.234619,1112.086670,1016.314453,0.200536
images/frame_029.png,28,661.355713,1044.370483,661.345215,1044.385376,0.018221
images/frame_029.png,29,737.907776,1044.420776,737.496948,1044.297852,0.428824
images/frame_029.png,32,966.980774,1043.866455,966.849426,1044.034546,0.213323
images/frame_029.png,33,1043.817993,1043.977417,1043.600708,1043.946411,0.219486
images/frame_029.png,34,1120.276123,1044.227539,1120.503174,1043.858032,0.433690
images/frame_031.png,8,770.087402,970.129700,769.613281,969.839539,0.555864
images/frame_031.png,11,965.591919,969.313721,966.119019,969.426086,0.538943
images/frame_031.png,14,691.730164,992.890442,691.437683,992.295227,0.663193
images/frame_031.png,15,760.711792,992.247681,759.981140,992.170654,0.734701
images/frame_031.png,19,1035.476685,991.781311,1035.366821,991.670166,0.156279
images/frame_031.png,20,1104.067871,991.064880,1104.517822,991.544495,0.657637
images/frame_031.png,21,677.412842,1016.643982,677.184753,1016.967041,0.395464
images/frame_031.png,22,749.692017,1016.892578,749.332336,1016.858826,0.361260
images/frame_031.png,23,821.083069,1016.551453,821.613831,1016.750305,0.566790
images/frame_031.png,26,1038.923584,1016.696716,1039.265747,1016.423706,0.437733
images/frame_031.png,27,1112.334229,1016.371460,1112.086670,1016.314453,0.254037
images/frame_031.png,28,661.323303,1044.347900,661.345215,1044.385376,0.043411
images/frame_031.png,29,737.976929,1044.476440,737.496948,1044.297852,0.512128
images/frame_031.png,30,814.122009,1044.152222,813.797974,1044.210327,0.329204
images/frame_031.png,31,889.643677,1044.373413,890.248596,1044.122437,0.654917
images/frame_031.png,32,967.079956,1043.932983,966.849426,1044.034546,0.251911
images/frame_031.png,33,1043.835571,1043.925171,1043.600708,1043.946411,0.235822
images/frame_031.png,34,1120.240601,1044.179321,1120.503174,1043.858032,0.414935
images/frame_032.png,11,965.508301,969.266479,966.119019,969.426086,0.631229
images/frame_032.png,18,966.271729,991.943787,966.338013,991.795654,0.162286
images/frame_032.png,19,1035.543457,991.721191,1035.366821,991.670166,0.183858
images/frame_032.png,20,1104.282837,991.261108,1104.517822,991.544495,0.368138
images/frame_032.png,21,677.157104,1016.750610,677.184753,1016.967041,0.218190
images/frame_032.png,25,966.271912,1016.617249,966.580200,1016.532776,0.319652
images/frame_032.png,26,1039.365723,1016.593018,1039.265747,1016.423706,0.196625
images/frame_032.png,27,1112.314819,1016.325195,1112.086670,1016.314453,0.228402
images/frame_032.png,28,661.343384,1044.371704,661.345215,1044.385376,0.013794
images/frame_032.png,29,737.940063,1044.535645,737.496948,1044.297852,0.502888
images/frame_032.png,32,966.948425,1043.879150,966.849426,1044.034546,0.184251
images/frame_032.png,33,1043.846680,1043.876221,1043.600708,1043.946411,0.255790
images/frame_032.png,34,1121.036133,1044.124512,1120.503174,1043.858032,0.595866
images/frame_034.png,10,900.874023,969.254272,900.507019,969.564148,0.480328
images/frame_034.png,11,965.598328,969.395447,966.119019,969.426086,0.521592
images/frame_034.png,14,691.604126,992.900146,691.437683,992.295227,0.627400
images/frame_034.png,15,759.430969,992.072693,759.981140,992.170654,0.558824
images/frame_034.png,16,828.989746,992.501038,828.645508,992.045837,0.570708
images/frame_034.png,19,1035.571411,991.689392,1035.366821,991.670166,0.205491
images/frame_034.png,20,1103.909058,991.082703,1104.517822,991.544495,0.764098
images/frame_034.png,26,1040.453613,1016.460999,1039.265747,1016.423706,1.188451
images/frame_034.png,27,1112.232178,1016.279297,1112.086670,1016.314453,0.149695
images/frame_034.png,32,966.880371,1043.833008,966.849426,1044.034546,0.203900
images/frame_034.png,33,1043.833618,1043.960938,1043.600708,1043.946411,0.233363
images/frame_034.png,34,1120.992432,1044.121826,1120.503174,1043.858032,0.555842
images/frame_036.png,8,770.098755,970.147156,769.613281,969.839539,0.574729
images/frame_036.png,14,691.763428,992.882385,691.437683,992.295227,0.671464
images/frame_036.png,15,760.454468,992.196472,759.981140,992.170654,0.474031
images/frame_036.png,19,1035.441284,991.872253,1035.366821,991.670166,0.215370
images/frame_036.png,20,1103.994873,991.087219,1104.517822,991.544495,0.694677
images/frame_036.png,21,674.806091,1015.777405,677.184753,1016.967041,2.659562
images/frame_036.png,22,749.748779,1016.914307,749.332336,1016.858826,0.420122
images/frame_036.png,26,1039.254639,1016.699097,1039.265747,1016.423706,0.275615
images/frame_036.png,28,661.323120,1044.342285,661.345215,1044.385376,0.048425
images/frame_036.png,29,736.343994,1044.028076,737.496948,1044.297852,1.184095
images/frame_036.png,32,966.958435,1043.847656,966.849426,1044.034546,0.216358
images/frame_036.png,33,1043.785767,1043.940796,1043.600708,1043.946411,0.185144
images/frame_038.png,2,841.014893,949.599426,840.784973,949.395691,0.307199
images/frame_038.png,3,903.282593,949.170227,903.302368,949.247864,0.080116
images/frame_038.png,11,965.654236,969.254333,966.119019,969.426086,0.495502
images/frame_038.png,12,1031.676880,969.149353,1031.841431,969.287842,0.215072
images/frame_038.png,13,1097.604248,969.434326,1097.674561,969.149353,0.293519
images/frame_038.png,19,1035.538940,991.844360,1035.366821,991.670166,0.244885
images/frame_038.png,20,1104.123901,991.136230,1104.517822,991.544495,0.567321
images/frame_038.png,26,1039.347412,1016.668762,1039.265747,1016.423706,0.258305
images/frame_038.png,27,1112.204224,1016.324707,1112.086670,1016.314453,0.118000
images/frame_038.png,32,966.937805,1043.823242,966.849426,1044.034546,0.229042
images/frame_038.png,33,1043.812866,1043.915283,1043.600708,1043.946411,0.214430
images/frame_038.png,34,1120.378052,1044.230469,1120.503174,1043.858032,0.392892
images/frame_039.png,9,834.334167,969.600830,835.005249,969.701965,0.678660
images/frame_039.png,10,900.822632,969.370056,900.507019,969.564148,0.370517
images/frame_039.png,11,965.637634,969.367615,966.119019,969.426086,0.484922
images/frame_039.png,12,1031.692993,969.199219,1031.841431,969.287842,0.172881
images/frame_039.png,13,1097.707397,969.616394,1097.674561,969.149353,0.468194
images/frame_039.png,16,828.929199,992.502808,828.645508,992.045837,0.537869
images/frame_039.png,19,1035.336060,991.892944,1035.366821,991.670166,0.224892
images/frame_039.png,20,1104.211670,991.082275,1104.517822,991.544495,0.554415
images/frame_039.png,26,1039.336426,1016.566162,1039.265747,1016.423706,0.159026
images/frame_039.png,27,1112.229858,1016.231934,1112.086670,1016.314453,0.165265
images/frame_039.png,32,966.979431,1043.904297,966.849426,1044.034546,0.184027
images/frame_039.png,33,1043.874390,1043.944702,1043.600708,1043.946411,0.273687
images/frame_039.png,34,1120.166260,1044.173828,1120.503174,1043.858032,0.461777
